{"stats":{"minecraft:custom":{"minecraft:interact_with_crafting_table":100,"minecraft:open_barrel":14,"minecraft:leave_game":20,"minecraft:time_since_death":72989,"minecraft:sprint_one_cm":1567496,"minecraft:drop":244,"minecraft:deaths":1,"minecraft:jump":12625,"minecraft:interact_with_brewingstand":1,"minecraft:walk_on_water_one_cm":64489,"minecraft:enchant_item":10,"minecraft:interact_with_furnace":48,"minecraft:interact_with_cartography_table":1,"minecraft:play_one_minute":856699,"minecraft:sleep_in_bed":6,"minecraft:damage_dealt":277,"minecraft:player_kills":1,"minecraft:crouch_one_cm":634244,"minecraft:interact_with_smoker":30,"minecraft:horse_one_cm":5913234,"minecraft:interact_with_smithing_table":15,"minecraft:interact_with_anvil":15,"minecraft:climb_one_cm":74256,"minecraft:walk_one_cm":1085851,"minecraft:sneak_time":170532,"minecraft:walk_under_water_one_cm":16386,"minecraft:interact_with_blast_furnace":30,"minecraft:interact_with_grindstone":1,"minecraft:time_since_rest":73052,"minecraft:damage_taken":9676,"minecraft:damage_absorbed":107,"minecraft:trigger_trapped_chest":3,"minecraft:swim_one_cm":33357,"minecraft:fly_one_cm":1990270,"minecraft:open_chest":460,"minecraft:fish_caught":105,"minecraft:fall_one_cm":321451},"minecraft:used":{"minecraft:iron_shovel":81,"minecraft:ladder":51,"minecraft:chest":7,"minecraft:nether_bricks":8,"minecraft:carrot":6,"minecraft:obsidian":10,"carryon:tile_item":2,"minecraft:oak_sapling":22,"minecraft:furnace":2,"minecraft:cooked_cod":31,"minecraft:stone_pickaxe":131,"minecraft:dark_oak_sign":1,"minecraft:wooden_pickaxe":3,"minecraft:sandstone":47,"minecraft:sugar_cane":10,"pixelmon:acro_bike":1,"minecraft:diamond_axe":30,"minecraft:golden_apple":3,"minecraft:blast_furnace":2,"minecraft:chiseled_sandstone":3,"minecraft:bread":97,"minecraft:lilac":1,"minecraft:nether_wart_block":1,"minecraft:grindstone":1,"minecraft:smithing_table":1,"minecraft:rose_bush":2,"minecraft:enchanting_table":1,"minecraft:flint_and_steel":1,"pixelmon:elevator":1,"minecraft:cooked_salmon":9,"minecraft:netherrack":2635,"minecraft:torch":27,"minecraft:dirt":31,"minecraft:anvil":1,"minecraft:twisting_vines":1,"minecraft:bookshelf":14,"minecraft:iron_axe":75,"pixelmon:mach_bike":78,"minecraft:golden_carrot":56,"minecraft:netherite_pickaxe":6120,"minecraft:orange_terracotta":3,"minecraft:pumpkin":2,"minecraft:water_bucket":91,"minecraft:cut_sandstone":2,"minecraft:green_bed":1,"minecraft:crafting_table":2,"minecraft:red_bed":2,"minecraft:painting":2,"minecraft:smoker":2,"minecraft:diamond_pickaxe":7259,"minecraft:diamond_shovel":255,"minecraft:cracked_polished_blackstone_bricks":5,"minecraft:iron_pickaxe":1935,"minecraft:fishing_rod":120,"minecraft:crimson_fungus":1,"minecraft:cobblestone":83,"minecraft:bucket":92},"minecraft:picked_up":{"minecraft:nether_brick_fence":1,"pixelmon:power_lens":1,"minecraft:string":4,"minecraft:soul_soil":43,"minecraft:cooked_salmon":12,"minecraft:pufferfish":13,"minecraft:gold_nugget":600,"minecraft:rose_bush":3,"minecraft:furnace":2,"minecraft:stick":7,"minecraft:torch":23,"minecraft:green_bed":1,"minecraft:porkchop":1,"minecraft:diorite":131,"pixelmon:crystal":9,"minecraft:rotten_flesh":4,"minecraft:tropical_fish":1,"pixelmon:fire_gem":1,"pixelmon:ruby":36,"pixelmon:red_apricorn":1,"minecraft:netherite_chestplate":1,"minecraft:blaze_powder":2,"minecraft:obsidian":10,"minecraft:cod":63,"minecraft:cobblestone":2228,"pixelmon:rocky_helmet":1,"minecraft:enchanting_table":1,"minecraft:magma_block":2,"minecraft:feather":3,"minecraft:lilac":2,"pixelmon:assault_vest":3,"minecraft:water_bucket":1,"minecraft:andesite":138,"minecraft:flint":6,"pixelmon:lucky_punch":1,"minecraft:netherite_leggings":1,"minecraft:lapis_lazuli":409,"pixelmon:silver_bottle_cap":1,"minecraft:dirt":113,"minecraft:twisting_vines":4,"minecraft:leather_boots":2,"minecraft:bone":6,"minecraft:wheat_seeds":24,"minecraft:bell":1,"minecraft:grindstone":1,"minecraft:dark_oak_sign":3,"minecraft:rabbit":4,"minecraft:glowstone_dust":10,"minecraft:chiseled_polished_blackstone":8,"minecraft:sand":3,"minecraft:lily_of_the_valley":2,"minecraft:chiseled_sandstone":4,"minecraft:sugar":1,"minecraft:diamond":70,"minecraft:netherite_helmet":1,"minecraft:cracked_polished_blackstone_bricks":46,"minecraft:granite":105,"minecraft:golden_apple":20,"pixelmon:sun_stone_shard":1,"minecraft:oak_sapling":22,"minecraft:netherrack":7589,"minecraft:diamond_pickaxe":1,"minecraft:crimson_roots":2,"pixelmon:rabuta_berry":1,"minecraft:fishing_rod":1,"pixelmon:armorite_ore":1,"minecraft:brown_mushroom":1,"pixelmon:razz_berry":5,"minecraft:gold_block":76,"minecraft:red_bed":1,"minecraft:flint_and_steel":1,"minecraft:blackstone":17,"minecraft:beef":2,"minecraft:chest":2,"minecraft:sugar_cane":23,"pixelmon:bauxite_ore":12,"pixelmon:booster_energy":1,"minecraft:sandstone":49,"pixelmon:s_exp_candy":2,"pixelmon:fire_stone_shard":2,"minecraft:polished_blackstone_bricks":179,"pixelmon:curry_herb":2,"minecraft:carrot":113,"minecraft:redstone":965,"minecraft:netherite_pickaxe":2,"pixelmon:blunder_policy":2,"minecraft:stone_pressure_plate":4,"pixelmon:silver_ore":1,"minecraft:cooked_cod":27,"minecraft:nether_bricks":25,"minecraft:hay_block":26,"minecraft:gold_ingot":8,"minecraft:netherite_boots":1,"pixelmon:acro_bike":1,"minecraft:basalt":5,"minecraft:golden_carrot":18,"pixelmon:weakness_policy":1,"minecraft:salmon":28,"minecraft:cut_sandstone":6,"minecraft:leather":1,"minecraft:red_mushroom":1,"pixelmon:poke_ball":1,"minecraft:crimson_fungus":1,"pixelmon:aluminium_ingot":1,"minecraft:oak_log":123,"minecraft:lily_pad":2,"minecraft:ancient_debris":8,"minecraft:nether_wart_block":1,"minecraft:orange_terracotta":4,"pixelmon:elevator":1,"minecraft:apple":5,"minecraft:warped_stem":1,"minecraft:iron_ingot":7,"minecraft:iron_ore":189,"minecraft:soul_sand":44,"pixelmon:sapphire":30,"minecraft:book":42,"minecraft:warped_fungus":1,"minecraft:pumpkin":2,"minecraft:quartz":663,"minecraft:dandelion":1,"minecraft:gravel":70,"pixelmon:amethyst":11,"minecraft:soul_torch":2,"minecraft:gold_ore":10,"pixelmon:mach_bike":78,"pixelmon:tm8_blank":1,"minecraft:diamond_shovel":1,"minecraft:painting":2,"minecraft:diamond_axe":1,"minecraft:warped_roots":1,"pixelmon:platinum_ore":8,"minecraft:coal":587},"minecraft:broken":{"minecraft:stone_pickaxe":1,"minecraft:diamond_pickaxe":4,"minecraft:iron_pickaxe":7},"minecraft:crafted":{"minecraft:smooth_stone":6,"minecraft:oak_planks":460,"minecraft:stone":6,"minecraft:diamond_shovel":1,"minecraft:bookshelf":14,"minecraft:diamond_helmet":1,"minecraft:chest":6,"minecraft:smoker":2,"minecraft:crafting_table":2,"minecraft:diamond_axe":1,"minecraft:wooden_pickaxe":1,"minecraft:smithing_table":1,"minecraft:gold_block":45,"minecraft:diamond_pickaxe":12,"minecraft:stick":388,"minecraft:iron_ingot":189,"minecraft:iron_pickaxe":8,"minecraft:iron_block":3,"minecraft:gold_ingot":647,"minecraft:netherite_ingot":5,"minecraft:golden_carrot":59,"minecraft:coal":252,"minecraft:fishing_rod":4,"minecraft:furnace":4,"minecraft:blast_furnace":2,"minecraft:flint_and_steel":1,"minecraft:iron_axe":1,"minecraft:ladder":141,"minecraft:stone_pickaxe":1,"minecraft:diamond_boots":1,"minecraft:netherite_scrap":23,"minecraft:wheat":234,"minecraft:coal_block":56,"minecraft:cooked_cod":51,"minecraft:cooked_salmon":21,"minecraft:bucket":1,"minecraft:bread":78,"minecraft:air":0,"minecraft:oak_boat":1,"minecraft:golden_apple":20,"minecraft:gold_nugget":468,"minecraft:iron_shovel":1,"minecraft:anvil":1,"minecraft:torch":8,"minecraft:lapis_block":39,"minecraft:diamond_chestplate":1},"minecraft:mined":{"pixelmon:sapphire_ore":15,"minecraft:stone_pressure_plate":8,"minecraft:oak_sapling":1,"minecraft:obsidian":10,"minecraft:granite":136,"minecraft:chiseled_polished_blackstone":8,"minecraft:grass_block":11,"minecraft:cracked_polished_blackstone_bricks":117,"minecraft:soul_soil":48,"pixelmon:elevator":1,"minecraft:gilded_blackstone":1,"minecraft:light_blue_stained_glass":1,"minecraft:polished_blackstone_bricks":334,"minecraft:magma_block":7,"minecraft:glowstone":4,"minecraft:iron_ore":190,"minecraft:fire":22,"minecraft:pumpkin":2,"minecraft:enchanting_table":1,"minecraft:twisting_vines":3,"minecraft:green_bed":1,"pixelmon:sun_stone_ore":1,"minecraft:cut_sandstone":9,"minecraft:red_bed":1,"minecraft:blackstone":103,"minecraft:twisting_vines_plant":4,"minecraft:crimson_nylium":7,"minecraft:orange_terracotta":6,"minecraft:torch":10,"minecraft:chest":8,"minecraft:dead_bush":2,"minecraft:nether_quartz_ore":773,"minecraft:cobblestone":12,"minecraft:grindstone":1,"minecraft:sugar_cane":11,"minecraft:wall_torch":10,"minecraft:chain":1,"minecraft:warped_nylium":21,"minecraft:nether_wart_block":1,"minecraft:lilac":2,"minecraft:warped_fungus":1,"minecraft:grass":60,"minecraft:oak_log":67,"pixelmon:crystal_ore":11,"minecraft:sand":3,"minecraft:dirt":109,"minecraft:sandstone_wall":1,"minecraft:netherrack":9656,"minecraft:ancient_debris":8,"minecraft:oak_leaves":21,"minecraft:nether_gold_ore":92,"minecraft:diamond_ore":39,"minecraft:dark_oak_leaves":2,"pixelmon:ruby_ore":21,"minecraft:nether_bricks":27,"minecraft:dark_oak_fence":2,"minecraft:crimson_roots":1,"minecraft:white_stained_glass":1,"minecraft:redstone_wire":1,"pixelmon:platinum_ore":10,"minecraft:sandstone":64,"minecraft:large_fern":1,"minecraft:hay_block":26,"minecraft:redstone_ore":265,"minecraft:furnace":2,"minecraft:carrots":5,"pixelmon:fire_stone_ore":2,"minecraft:polished_basalt":2,"minecraft:chiseled_sandstone":5,"minecraft:andesite":228,"minecraft:gold_block":79,"minecraft:nether_brick_fence":1,"minecraft:bookshelf":14,"minecraft:vine":2,"minecraft:warped_stem":1,"pixelmon:bauxite_ore":14,"pixelmon:silver_ore":1,"minecraft:stone":2250,"minecraft:bone_block":1,"pixelmon:amethyst_ore":15,"minecraft:soul_sand":46,"minecraft:basalt":123,"minecraft:dandelion":1,"minecraft:warped_roots":1,"minecraft:rose_bush":2,"minecraft:tall_grass":12,"minecraft:lapis_ore":41,"minecraft:green_stained_glass_pane":1,"minecraft:polished_blackstone_brick_stairs":6,"minecraft:diorite":184,"minecraft:warped_wart_block":1,"minecraft:dark_oak_wall_sign":1,"minecraft:grass_path":2,"minecraft:coal_ore":515,"minecraft:dark_oak_sign":1,"minecraft:gravel":153,"minecraft:brown_terracotta":1,"minecraft:gold_ore":10},"minecraft:dropped":{"minecraft:warped_stem":1,"minecraft:soul_sand":19,"minecraft:brown_mushroom":1,"pixelmon:qualot_berry":1,"minecraft:warped_fungus":1,"minecraft:warped_roots":1,"minecraft:leather":1,"pixelmon:charcoal":1,"minecraft:red_mushroom":1,"minecraft:flint":4,"minecraft:cracked_polished_blackstone_bricks":21,"minecraft:dirt":41,"minecraft:crimson_roots":1,"minecraft:cut_sandstone":4,"minecraft:polished_blackstone_bricks":121,"minecraft:sand":3,"minecraft:sugar":1,"minecraft:iron_pickaxe":1,"pixelmon:armorite_ore":2,"minecraft:bone":6,"minecraft:gravel":70,"minecraft:blackstone":10,"pixelmon:curry_herb":2,"minecraft:twisting_vines":3,"minecraft:rotten_flesh":4,"minecraft:glowstone_dust":10,"minecraft:nether_brick_fence":1,"pixelmon:fire_stone_shard":2,"pixelmon:razz_berry":3,"pixelmon:rare_bone":1,"minecraft:leather_boots":2,"pixelmon:platinum_ore":8,"minecraft:basalt":1,"minecraft:beef":2,"minecraft:quartz":617,"minecraft:netherrack":3934,"minecraft:enchanted_book":3,"pixelmon:sapphire":1,"minecraft:wheat_seeds":24,"minecraft:lilac":1,"pixelmon:amethyst":1,"pixelmon:assault_vest":2,"minecraft:feather":3,"minecraft:cobblestone":64,"pixelmon:aguav_berry":1,"minecraft:granite":105,"pixelmon:sitrus_berry":2,"pixelmon:sun_stone_shard":1,"minecraft:pufferfish":10,"minecraft:diorite":131,"pixelmon:crystal":10,"minecraft:torch":4,"pixelmon:spooky_plate":1,"minecraft:rabbit":4,"minecraft:rose_bush":1,"minecraft:iron_axe":1,"minecraft:iron_shovel":1,"minecraft:string":1,"minecraft:lily_pad":2,"minecraft:chiseled_sandstone":1,"minecraft:dandelion":1,"minecraft:redstone":906,"minecraft:soul_soil":16,"minecraft:soul_torch":2,"minecraft:dark_oak_sign":2,"minecraft:nether_bricks":17,"minecraft:lily_of_the_valley":2,"minecraft:orange_terracotta":1,"pixelmon:silver_ore":1,"minecraft:andesite":138,"minecraft:oak_boat":1,"minecraft:sandstone":2,"minecraft:bell":1,"minecraft:magma_block":2,"pixelmon:pomeg_berry":1}},"DataVersion":2586}