{"stats":{"minecraft:picked_up":{"pixelmon:acro_bike":1,"minecraft:lilac":1,"pixelmon:poke_ball":1,"pixelmon:razz_berry":5,"pixelmon:curry_herb":1,"minecraft:lily_of_the_valley":2,"pixelmon:mach_bike":23,"minecraft:dirt":14,"minecraft:string":2,"pixelmon:elevator":1,"minecraft:sugar":1,"minecraft:wheat_seeds":3,"minecraft:rose_bush":2,"pixelmon:red_apricorn":1,"pixelmon:rabuta_berry":1},"minecraft:used":{"minecraft:rose_bush":1,"pixelmon:elevator":1,"minecraft:bread":14,"pixelmon:mach_bike":22,"pixelmon:acro_bike":1,"minecraft:dirt":12},"minecraft:custom":{"minecraft:time_since_rest":30433,"minecraft:sprint_one_cm":69473,"minecraft:damage_taken":670,"minecraft:walk_one_cm":40623,"minecraft:drop":11,"minecraft:damage_dealt":49,"minecraft:fly_one_cm":112795,"minecraft:open_chest":6,"minecraft:play_one_minute":30433,"minecraft:sneak_time":23,"minecraft:jump":572,"minecraft:time_since_death":30433,"minecraft:walk_on_water_one_cm":1624,"minecraft:fall_one_cm":24587,"minecraft:horse_one_cm":245246},"minecraft:mined":{"minecraft:dark_oak_leaves":2,"minecraft:lilac":1,"minecraft:grass_path":1,"minecraft:grass":17,"minecraft:grass_block":5,"minecraft:rose_bush":1,"minecraft:dirt":8,"minecraft:tall_grass":5,"pixelmon:elevator":1,"minecraft:oak_leaves":1},"minecraft:dropped":{"minecraft:wheat_seeds":3,"pixelmon:curry_herb":1,"minecraft:lilac":1,"minecraft:rose_bush":1,"minecraft:sugar":1,"pixelmon:razz_berry":3,"minecraft:lily_of_the_valley":2}},"DataVersion":2586}