{"stats":{"minecraft:custom":{"minecraft:interact_with_furnace":16,"minecraft:interact_with_crafting_table":14,"minecraft:open_barrel":6,"minecraft:play_one_minute":119316,"minecraft:leave_game":3,"minecraft:time_since_death":119316,"minecraft:sleep_in_bed":2,"minecraft:climb_one_cm":9757,"minecraft:time_since_rest":29349,"minecraft:sprint_one_cm":216652,"minecraft:damage_taken":1210,"minecraft:walk_one_cm":124478,"minecraft:trigger_trapped_chest":2,"minecraft:drop":26,"minecraft:damage_dealt":49,"minecraft:swim_one_cm":10374,"minecraft:fly_one_cm":304003,"minecraft:open_chest":29,"minecraft:crouch_one_cm":17887,"minecraft:sneak_time":7435,"minecraft:walk_under_water_one_cm":2777,"minecraft:jump":1614,"minecraft:interact_with_brewingstand":1,"minecraft:walk_on_water_one_cm":9060,"minecraft:fall_one_cm":62870,"minecraft:horse_one_cm":491234},"minecraft:used":{"minecraft:water_bucket":13,"minecraft:rose_bush":1,"minecraft:iron_shovel":25,"minecraft:stone_pickaxe":52,"pixelmon:elevator":1,"minecraft:ladder":51,"minecraft:chest":2,"minecraft:wooden_pickaxe":3,"pixelmon:acro_bike":1,"minecraft:green_bed":1,"minecraft:torch":6,"minecraft:dirt":30,"minecraft:crafting_table":2,"minecraft:red_bed":2,"minecraft:iron_axe":44,"minecraft:bread":31,"minecraft:iron_pickaxe":344,"pixelmon:mach_bike":37,"minecraft:lilac":1,"minecraft:cobblestone":21,"minecraft:furnace":1,"minecraft:oak_sapling":12,"minecraft:bucket":13,"minecraft:pumpkin":2},"minecraft:broken":{"minecraft:iron_pickaxe":1},"minecraft:dropped":{"minecraft:wheat_seeds":10,"pixelmon:curry_herb":2,"minecraft:lilac":1,"minecraft:feather":3,"minecraft:granite":6,"minecraft:lily_of_the_valley":2,"pixelmon:razz_berry":3,"minecraft:dirt":25,"minecraft:diorite":14,"minecraft:andesite":6,"minecraft:rose_bush":1,"minecraft:sugar":1,"minecraft:redstone":3},"minecraft:crafted":{"minecraft:oak_planks":216,"minecraft:crafting_table":2,"minecraft:wooden_pickaxe":1,"minecraft:furnace":1,"minecraft:bucket":1,"minecraft:air":0,"minecraft:bread":39,"minecraft:iron_axe":1,"minecraft:ladder":141,"minecraft:stick":336,"minecraft:iron_ingot":17,"minecraft:iron_pickaxe":2,"minecraft:stone_pickaxe":1,"minecraft:chest":2,"minecraft:iron_shovel":1,"minecraft:torch":4,"minecraft:wheat":117},"minecraft:picked_up":{"pixelmon:acro_bike":1,"minecraft:feather":3,"minecraft:lilac":2,"minecraft:andesite":6,"pixelmon:poke_ball":1,"pixelmon:razz_berry":5,"minecraft:oak_log":54,"minecraft:string":3,"minecraft:dirt":82,"minecraft:red_bed":1,"pixelmon:elevator":1,"minecraft:apple":3,"minecraft:wheat_seeds":10,"minecraft:iron_ore":29,"minecraft:rose_bush":2,"minecraft:sugar_cane":13,"pixelmon:bauxite_ore":8,"minecraft:stick":7,"minecraft:pumpkin":2,"minecraft:torch":3,"minecraft:green_bed":1,"minecraft:porkchop":1,"minecraft:gold_ore":8,"minecraft:diorite":23,"pixelmon:curry_herb":2,"minecraft:lily_of_the_valley":2,"minecraft:redstone":50,"pixelmon:mach_bike":38,"minecraft:sugar":1,"minecraft:diamond":2,"minecraft:hay_block":26,"minecraft:granite":8,"pixelmon:ruby":6,"pixelmon:red_apricorn":1,"minecraft:oak_sapling":12,"minecraft:coal":105,"minecraft:cobblestone":186,"pixelmon:rabuta_berry":1},"minecraft:mined":{"minecraft:diamond_ore":2,"minecraft:oak_sapling":1,"minecraft:red_bed":1,"minecraft:dark_oak_leaves":2,"minecraft:torch":1,"pixelmon:ruby_ore":6,"minecraft:granite":8,"minecraft:grass_block":10,"minecraft:rose_bush":1,"minecraft:redstone_wire":1,"minecraft:tall_grass":5,"minecraft:cobblestone":2,"pixelmon:elevator":1,"minecraft:green_stained_glass_pane":1,"minecraft:sugar_cane":6,"minecraft:diorite":23,"minecraft:wall_torch":2,"minecraft:large_fern":1,"minecraft:hay_block":26,"minecraft:redstone_ore":10,"minecraft:iron_ore":29,"minecraft:lilac":2,"minecraft:andesite":7,"minecraft:pumpkin":2,"minecraft:grass_path":2,"minecraft:grass":43,"minecraft:coal_ore":105,"minecraft:oak_log":53,"pixelmon:bauxite_ore":8,"minecraft:dirt":45,"minecraft:stone":191,"minecraft:gold_ore":8,"minecraft:oak_leaves":9,"minecraft:green_bed":1}},"DataVersion":2586}