{"stats":{"minecraft:picked_up":{"minecraft:gold_block":49,"pixelmon:razz_berry":5,"minecraft:string":3,"minecraft:red_bed":1,"minecraft:pufferfish":5,"minecraft:blackstone":9,"minecraft:gold_nugget":475,"minecraft:beef":2,"minecraft:rose_bush":3,"minecraft:sugar_cane":23,"minecraft:furnace":2,"pixelmon:bauxite_ore":12,"minecraft:stick":7,"pixelmon:fire_stone_shard":2,"minecraft:torch":20,"minecraft:green_bed":1,"minecraft:porkchop":1,"minecraft:polished_blackstone_bricks":124,"minecraft:diorite":131,"pixelmon:curry_herb":2,"minecraft:carrot":113,"minecraft:redstone":965,"pixelmon:crystal":9,"pixelmon:silver_ore":1,"minecraft:rotten_flesh":4,"minecraft:tropical_fish":1,"minecraft:hay_block":26,"pixelmon:ruby":36,"minecraft:gold_ingot":8,"pixelmon:red_apricorn":1,"minecraft:obsidian":10,"minecraft:cod":29,"minecraft:cobblestone":2228,"minecraft:enchanting_table":1,"minecraft:magma_block":2,"minecraft:feather":3,"pixelmon:acro_bike":1,"minecraft:basalt":3,"minecraft:lilac":2,"minecraft:andesite":138,"minecraft:salmon":16,"pixelmon:poke_ball":1,"minecraft:flint":5,"minecraft:oak_log":123,"minecraft:lily_pad":2,"minecraft:ancient_debris":5,"minecraft:lapis_lazuli":409,"minecraft:dirt":112,"minecraft:leather_boots":1,"pixelmon:elevator":1,"minecraft:bone":6,"minecraft:apple":5,"minecraft:wheat_seeds":11,"minecraft:warped_stem":1,"minecraft:iron_ore":189,"minecraft:rabbit":4,"pixelmon:sapphire":30,"minecraft:book":42,"minecraft:warped_fungus":1,"minecraft:chiseled_polished_blackstone":8,"minecraft:pumpkin":2,"minecraft:quartz":86,"minecraft:dandelion":1,"minecraft:gravel":58,"pixelmon:amethyst":11,"minecraft:lily_of_the_valley":2,"minecraft:gold_ore":10,"pixelmon:mach_bike":67,"minecraft:sugar":1,"minecraft:diamond":69,"minecraft:cracked_polished_blackstone_bricks":25,"minecraft:granite":105,"minecraft:warped_roots":1,"pixelmon:platinum_ore":8,"minecraft:oak_sapling":22,"minecraft:netherrack":3545,"minecraft:coal":587,"pixelmon:rabuta_berry":1},"minecraft:broken":{"minecraft:stone_pickaxe":1,"minecraft:diamond_pickaxe":3,"minecraft:iron_pickaxe":7},"minecraft:custom":{"minecraft:interact_with_smithing_table":7,"minecraft:interact_with_anvil":9,"minecraft:interact_with_crafting_table":80,"minecraft:open_barrel":8,"minecraft:leave_game":9,"minecraft:time_since_death":519813,"minecraft:climb_one_cm":73868,"minecraft:sprint_one_cm":765279,"minecraft:walk_one_cm":533056,"minecraft:drop":156,"minecraft:sneak_time":118457,"minecraft:walk_under_water_one_cm":8995,"minecraft:interact_with_brewingstand":1,"minecraft:jump":6319,"minecraft:interact_with_blast_furnace":22,"minecraft:walk_on_water_one_cm":41908,"minecraft:enchant_item":8,"minecraft:interact_with_furnace":48,"minecraft:play_one_minute":519813,"minecraft:sleep_in_bed":5,"minecraft:time_since_rest":111144,"minecraft:damage_taken":4002,"minecraft:trigger_trapped_chest":3,"minecraft:damage_dealt":277,"minecraft:player_kills":1,"minecraft:swim_one_cm":17201,"minecraft:fly_one_cm":974167,"minecraft:open_chest":275,"minecraft:crouch_one_cm":399846,"minecraft:fish_caught":51,"minecraft:interact_with_smoker":14,"minecraft:fall_one_cm":158192,"minecraft:horse_one_cm":735964},"minecraft:used":{"minecraft:enchanting_table":1,"minecraft:rose_bush":2,"minecraft:iron_shovel":81,"minecraft:flint_and_steel":1,"pixelmon:elevator":1,"minecraft:ladder":51,"minecraft:chest":4,"minecraft:netherrack":830,"minecraft:torch":27,"minecraft:dirt":30,"minecraft:anvil":1,"minecraft:carrot":6,"minecraft:obsidian":10,"minecraft:bookshelf":14,"minecraft:iron_axe":75,"pixelmon:mach_bike":66,"carryon:tile_item":2,"minecraft:golden_carrot":7,"minecraft:cooked_cod":1,"minecraft:oak_sapling":22,"minecraft:furnace":2,"minecraft:pumpkin":2,"minecraft:water_bucket":80,"minecraft:stone_pickaxe":131,"minecraft:wooden_pickaxe":3,"pixelmon:acro_bike":1,"minecraft:sugar_cane":10,"minecraft:diamond_axe":13,"minecraft:green_bed":1,"minecraft:red_bed":2,"minecraft:crafting_table":2,"minecraft:blast_furnace":2,"minecraft:smoker":2,"minecraft:diamond_pickaxe":5829,"minecraft:diamond_shovel":146,"minecraft:cracked_polished_blackstone_bricks":5,"minecraft:bread":97,"minecraft:iron_pickaxe":1935,"minecraft:lilac":1,"minecraft:fishing_rod":59,"minecraft:cobblestone":83,"minecraft:smithing_table":1,"minecraft:bucket":81},"minecraft:crafted":{"minecraft:golden_carrot":59,"minecraft:smooth_stone":6,"minecraft:oak_planks":460,"minecraft:coal":252,"minecraft:fishing_rod":3,"minecraft:furnace":4,"minecraft:blast_furnace":2,"minecraft:stone":6,"minecraft:diamond_shovel":1,"minecraft:bookshelf":14,"minecraft:flint_and_steel":1,"minecraft:diamond_helmet":1,"minecraft:iron_axe":1,"minecraft:ladder":141,"minecraft:stone_pickaxe":1,"minecraft:chest":4,"minecraft:diamond_boots":1,"minecraft:netherite_scrap":12,"minecraft:smoker":2,"minecraft:wheat":234,"minecraft:coal_block":56,"minecraft:cooked_cod":12,"minecraft:diamond_axe":1,"minecraft:crafting_table":2,"minecraft:wooden_pickaxe":1,"minecraft:smithing_table":1,"minecraft:cooked_salmon":9,"minecraft:gold_block":15,"minecraft:bucket":1,"minecraft:bread":78,"minecraft:air":0,"minecraft:diamond_pickaxe":9,"minecraft:gold_nugget":468,"minecraft:stick":384,"minecraft:iron_ingot":189,"minecraft:iron_pickaxe":8,"minecraft:iron_block":3,"minecraft:iron_shovel":1,"minecraft:gold_ingot":192,"minecraft:anvil":1,"minecraft:netherite_ingot":3,"minecraft:torch":8,"minecraft:lapis_block":39,"minecraft:diamond_chestplate":1},"minecraft:dropped":{"pixelmon:sapphire":1,"minecraft:warped_stem":1,"minecraft:wheat_seeds":11,"pixelmon:qualot_berry":1,"minecraft:warped_fungus":1,"minecraft:lilac":1,"minecraft:feather":3,"minecraft:cobblestone":64,"minecraft:warped_roots":1,"pixelmon:aguav_berry":1,"minecraft:granite":105,"pixelmon:sitrus_berry":2,"minecraft:flint":4,"minecraft:pufferfish":2,"minecraft:dirt":41,"minecraft:diorite":131,"pixelmon:crystal":10,"minecraft:rabbit":4,"minecraft:rose_bush":1,"minecraft:polished_blackstone_bricks":2,"minecraft:iron_axe":1,"minecraft:sugar":1,"minecraft:iron_pickaxe":1,"minecraft:iron_shovel":1,"minecraft:lily_pad":2,"minecraft:bone":6,"minecraft:dandelion":1,"minecraft:redstone":906,"minecraft:gravel":58,"minecraft:blackstone":2,"pixelmon:curry_herb":2,"minecraft:rotten_flesh":4,"pixelmon:fire_stone_shard":2,"pixelmon:razz_berry":3,"minecraft:lily_of_the_valley":2,"pixelmon:silver_ore":1,"minecraft:andesite":138,"minecraft:leather_boots":1,"pixelmon:platinum_ore":8,"minecraft:beef":2,"minecraft:magma_block":2,"minecraft:quartz":70,"minecraft:netherrack":2525},"minecraft:mined":{"minecraft:nether_gold_ore":70,"pixelmon:sapphire_ore":15,"minecraft:diamond_ore":39,"minecraft:oak_sapling":1,"minecraft:dark_oak_leaves":2,"minecraft:obsidian":10,"pixelmon:ruby_ore":21,"minecraft:granite":136,"minecraft:chiseled_polished_blackstone":8,"minecraft:grass_block":10,"minecraft:cracked_polished_blackstone_bricks":52,"minecraft:redstone_wire":1,"pixelmon:platinum_ore":10,"pixelmon:elevator":1,"minecraft:gilded_blackstone":1,"minecraft:large_fern":1,"minecraft:hay_block":26,"minecraft:polished_blackstone_bricks":225,"minecraft:redstone_ore":265,"minecraft:magma_block":7,"minecraft:furnace":2,"minecraft:carrots":5,"pixelmon:fire_stone_ore":2,"minecraft:polished_basalt":1,"minecraft:iron_ore":190,"minecraft:fire":8,"minecraft:andesite":228,"minecraft:pumpkin":2,"minecraft:gold_block":51,"minecraft:enchanting_table":1,"minecraft:bookshelf":14,"minecraft:warped_stem":1,"pixelmon:bauxite_ore":14,"pixelmon:silver_ore":1,"minecraft:stone":2249,"minecraft:green_bed":1,"pixelmon:amethyst_ore":15,"minecraft:red_bed":1,"minecraft:blackstone":82,"minecraft:crimson_nylium":2,"minecraft:basalt":10,"minecraft:dandelion":1,"minecraft:torch":10,"minecraft:warped_roots":1,"minecraft:rose_bush":2,"minecraft:nether_quartz_ore":273,"minecraft:tall_grass":12,"minecraft:cobblestone":12,"minecraft:lapis_ore":41,"minecraft:green_stained_glass_pane":1,"minecraft:sugar_cane":11,"minecraft:polished_blackstone_brick_stairs":6,"minecraft:diorite":184,"minecraft:wall_torch":10,"minecraft:warped_nylium":10,"minecraft:lilac":2,"minecraft:warped_fungus":1,"minecraft:grass_path":2,"minecraft:grass":60,"minecraft:oak_log":67,"minecraft:coal_ore":515,"pixelmon:crystal_ore":11,"minecraft:gravel":141,"minecraft:dirt":109,"minecraft:ancient_debris":5,"minecraft:netherrack":3117,"minecraft:gold_ore":10,"minecraft:oak_leaves":21}},"DataVersion":2586}