{"stats":{"minecraft:used":{"minecraft:rose_bush":1,"minecraft:bread":20,"pixelmon:elevator":1,"pixelmon:mach_bike":31,"pixelmon:acro_bike":1,"minecraft:lilac":1,"minecraft:dirt":14,"minecraft:crafting_table":1,"minecraft:red_bed":1,"minecraft:oak_sapling":1},"minecraft:custom":{"minecraft:time_since_rest":460,"minecraft:damage_taken":840,"minecraft:sprint_one_cm":131675,"minecraft:walk_one_cm":70233,"minecraft:drop":19,"minecraft:damage_dealt":49,"minecraft:swim_one_cm":3823,"minecraft:interact_with_crafting_table":1,"minecraft:fly_one_cm":206393,"minecraft:open_barrel":6,"minecraft:open_chest":8,"minecraft:play_one_minute":77316,"minecraft:sneak_time":23,"minecraft:walk_under_water_one_cm":1052,"minecraft:jump":1055,"minecraft:leave_game":3,"minecraft:time_since_death":77316,"minecraft:walk_on_water_one_cm":3269,"minecraft:sleep_in_bed":1,"minecraft:climb_one_cm":3201,"minecraft:fall_one_cm":41003,"minecraft:horse_one_cm":351331},"minecraft:dropped":{"minecraft:wheat_seeds":6,"pixelmon:curry_herb":2,"minecraft:lilac":1,"minecraft:rose_bush":1,"minecraft:feather":3,"minecraft:sugar":1,"pixelmon:razz_berry":3,"minecraft:lily_of_the_valley":2,"minecraft:redstone":3},"minecraft:crafted":{"minecraft:oak_planks":4,"minecraft:crafting_table":1,"minecraft:bread":39,"minecraft:wheat":117},"minecraft:picked_up":{"pixelmon:acro_bike":1,"minecraft:feather":3,"minecraft:lilac":2,"pixelmon:poke_ball":1,"pixelmon:razz_berry":5,"minecraft:porkchop":1,"minecraft:oak_log":1,"pixelmon:curry_herb":2,"minecraft:lily_of_the_valley":2,"minecraft:redstone":3,"pixelmon:mach_bike":31,"minecraft:dirt":16,"minecraft:string":3,"minecraft:red_bed":1,"pixelmon:elevator":1,"minecraft:sugar":1,"minecraft:wheat_seeds":6,"minecraft:hay_block":13,"minecraft:rose_bush":2,"pixelmon:red_apricorn":1,"minecraft:oak_sapling":1,"minecraft:sugar_cane":5,"pixelmon:rabuta_berry":1},"minecraft:mined":{"minecraft:hay_block":13,"minecraft:red_bed":1,"minecraft:dark_oak_leaves":2,"minecraft:lilac":2,"minecraft:grass_path":2,"minecraft:grass":33,"minecraft:grass_block":5,"minecraft:oak_log":1,"minecraft:rose_bush":1,"minecraft:dirt":9,"minecraft:tall_grass":5,"pixelmon:elevator":1,"minecraft:sugar_cane":3,"minecraft:oak_leaves":6}},"DataVersion":2586}