{"stats":{"minecraft:picked_up":{"minecraft:feather":2,"pixelmon:acro_bike":1,"minecraft:lilac":1,"pixelmon:poke_ball":1,"pixelmon:razz_berry":5,"pixelmon:curry_herb":1,"minecraft:lily_of_the_valley":2,"pixelmon:mach_bike":28,"minecraft:dirt":14,"minecraft:string":2,"pixelmon:elevator":1,"minecraft:sugar":1,"minecraft:wheat_seeds":3,"minecraft:rose_bush":2,"pixelmon:red_apricorn":1,"minecraft:sugar_cane":5,"pixelmon:rabuta_berry":1},"minecraft:used":{"minecraft:rose_bush":1,"pixelmon:elevator":1,"minecraft:bread":17,"pixelmon:mach_bike":27,"pixelmon:acro_bike":1,"minecraft:dirt":12},"minecraft:custom":{"minecraft:time_since_rest":54433,"minecraft:sprint_one_cm":93781,"minecraft:damage_taken":770,"minecraft:walk_one_cm":51308,"minecraft:drop":12,"minecraft:damage_dealt":49,"minecraft:swim_one_cm":2197,"minecraft:fly_one_cm":137926,"minecraft:open_barrel":6,"minecraft:open_chest":8,"minecraft:play_one_minute":54433,"minecraft:sneak_time":23,"minecraft:walk_under_water_one_cm":694,"minecraft:jump":722,"minecraft:time_since_death":54433,"minecraft:walk_on_water_one_cm":2254,"minecraft:climb_one_cm":777,"minecraft:fall_one_cm":29298,"minecraft:horse_one_cm":266067},"minecraft:mined":{"minecraft:dark_oak_leaves":2,"minecraft:lilac":1,"minecraft:grass_path":1,"minecraft:grass":20,"minecraft:grass_block":5,"minecraft:rose_bush":1,"minecraft:dirt":8,"minecraft:tall_grass":5,"pixelmon:elevator":1,"minecraft:sugar_cane":3,"minecraft:oak_leaves":1},"minecraft:dropped":{"minecraft:wheat_seeds":3,"pixelmon:curry_herb":1,"minecraft:lilac":1,"minecraft:rose_bush":1,"minecraft:feather":2,"minecraft:sugar":1,"pixelmon:razz_berry":3,"minecraft:lily_of_the_valley":2}},"DataVersion":2586}