{"stats":{"minecraft:picked_up":{"minecraft:lilac":1,"pixelmon:acro_bike":1,"pixelmon:elevator":1,"minecraft:wheat_seeds":3,"pixelmon:poke_ball":1,"pixelmon:razz_berry":2,"pixelmon:mach_bike":9,"pixelmon:rabuta_berry":1,"minecraft:dirt":5},"minecraft:used":{"minecraft:dirt":5,"pixelmon:elevator":1,"minecraft:bread":5,"pixelmon:mach_bike":8,"pixelmon:acro_bike":1},"minecraft:custom":{"minecraft:open_chest":6,"minecraft:time_since_rest":18433,"minecraft:play_one_minute":18433,"minecraft:sprint_one_cm":38359,"minecraft:damage_taken":240,"minecraft:walk_one_cm":22903,"minecraft:sneak_time":23,"minecraft:drop":5,"minecraft:jump":328,"minecraft:damage_dealt":49,"minecraft:walk_on_water_one_cm":1060,"minecraft:time_since_death":18433,"minecraft:fly_one_cm":79153,"minecraft:fall_one_cm":13217,"minecraft:horse_one_cm":169516},"minecraft:mined":{"minecraft:grass":16,"minecraft:dirt":4,"minecraft:tall_grass":5,"minecraft:lilac":1,"pixelmon:elevator":1,"minecraft:grass_path":1},"minecraft:dropped":{"minecraft:wheat_seeds":3,"minecraft:lilac":1,"pixelmon:razz_berry":2}},"DataVersion":2586}