{"stats":{"minecraft:dropped":{"minecraft:rotten_flesh":2,"minecraft:wheat_seeds":2},"minecraft:custom":{"minecraft:open_barrel":1,"minecraft:open_chest":7,"minecraft:time_since_rest":15422,"minecraft:play_one_minute":23881,"minecraft:crouch_one_cm":49,"minecraft:sprint_one_cm":48417,"minecraft:damage_taken":20,"minecraft:walk_one_cm":17407,"minecraft:sneak_time":18,"minecraft:drop":4,"minecraft:jump":457,"minecraft:interact_with_brewingstand":1,"minecraft:leave_game":3,"minecraft:time_since_death":23881,"minecraft:sleep_in_bed":1,"minecraft:fall_one_cm":11891,"minecraft:fly_one_cm":132022},"minecraft:mined":{"minecraft:grass":17,"minecraft:red_bed":1,"minecraft:fire":2,"minecraft:yellow_bed":1},"minecraft:picked_up":{"minecraft:wheat":1,"minecraft:rotten_flesh":2,"minecraft:salmon":1,"minecraft:beetroot_seeds":1,"minecraft:wheat_seeds":6,"minecraft:yellow_bed":1,"minecraft:oak_sapling":1,"minecraft:string":1,"minecraft:red_bed":1},"minecraft:used":{"minecraft:cooked_mutton":1,"minecraft:red_bed":1,"minecraft:bread":2}},"DataVersion":2586}