{"stats":{"minecraft:custom":{"minecraft:interact_with_furnace":18,"minecraft:interact_with_crafting_table":15,"minecraft:open_barrel":8,"minecraft:play_one_minute":131316,"minecraft:leave_game":3,"minecraft:time_since_death":131316,"minecraft:sleep_in_bed":2,"minecraft:climb_one_cm":17600,"minecraft:time_since_rest":41349,"minecraft:sprint_one_cm":241389,"minecraft:damage_taken":1260,"minecraft:walk_one_cm":141376,"minecraft:trigger_trapped_chest":3,"minecraft:drop":32,"minecraft:damage_dealt":49,"minecraft:swim_one_cm":10374,"minecraft:fly_one_cm":328760,"minecraft:open_chest":35,"minecraft:crouch_one_cm":27600,"minecraft:sneak_time":10903,"minecraft:walk_under_water_one_cm":2777,"minecraft:jump":1780,"minecraft:interact_with_brewingstand":1,"minecraft:walk_on_water_one_cm":10841,"minecraft:fall_one_cm":68140,"minecraft:horse_one_cm":524067},"minecraft:used":{"minecraft:water_bucket":21,"minecraft:rose_bush":1,"minecraft:iron_shovel":25,"minecraft:stone_pickaxe":52,"pixelmon:elevator":1,"minecraft:ladder":51,"minecraft:chest":2,"minecraft:wooden_pickaxe":3,"pixelmon:acro_bike":1,"minecraft:green_bed":1,"minecraft:torch":7,"minecraft:dirt":30,"minecraft:crafting_table":2,"minecraft:red_bed":2,"minecraft:iron_axe":58,"minecraft:bread":32,"minecraft:iron_pickaxe":514,"pixelmon:mach_bike":40,"minecraft:lilac":1,"minecraft:cobblestone":26,"minecraft:furnace":1,"minecraft:oak_sapling":12,"minecraft:bucket":22,"minecraft:pumpkin":2},"minecraft:broken":{"minecraft:iron_pickaxe":2},"minecraft:dropped":{"minecraft:wheat_seeds":10,"pixelmon:curry_herb":2,"minecraft:lilac":1,"minecraft:feather":3,"minecraft:granite":20,"minecraft:lily_of_the_valley":2,"pixelmon:razz_berry":3,"minecraft:dirt":26,"minecraft:diorite":33,"minecraft:andesite":7,"minecraft:rose_bush":1,"minecraft:sugar":1,"minecraft:redstone":17},"minecraft:crafted":{"minecraft:oak_planks":216,"minecraft:crafting_table":2,"minecraft:wooden_pickaxe":1,"minecraft:furnace":1,"minecraft:bucket":1,"minecraft:air":0,"minecraft:bread":39,"minecraft:iron_axe":1,"minecraft:ladder":141,"minecraft:stick":340,"minecraft:iron_ingot":19,"minecraft:iron_pickaxe":4,"minecraft:stone_pickaxe":1,"minecraft:chest":2,"minecraft:iron_shovel":1,"minecraft:torch":8,"minecraft:wheat":117},"minecraft:picked_up":{"minecraft:enchanting_table":1,"pixelmon:acro_bike":1,"minecraft:feather":3,"minecraft:lilac":2,"minecraft:andesite":7,"pixelmon:poke_ball":1,"pixelmon:razz_berry":5,"minecraft:oak_log":54,"minecraft:string":3,"minecraft:dirt":83,"minecraft:red_bed":1,"pixelmon:elevator":1,"minecraft:apple":3,"minecraft:wheat_seeds":10,"minecraft:iron_ore":43,"minecraft:rose_bush":2,"minecraft:sugar_cane":13,"pixelmon:sapphire":1,"minecraft:book":42,"pixelmon:bauxite_ore":8,"minecraft:stick":7,"minecraft:pumpkin":2,"minecraft:torch":4,"minecraft:green_bed":1,"pixelmon:amethyst":2,"minecraft:porkchop":1,"minecraft:gold_ore":8,"minecraft:diorite":33,"pixelmon:curry_herb":2,"minecraft:lily_of_the_valley":2,"minecraft:redstone":81,"pixelmon:mach_bike":41,"minecraft:sugar":1,"minecraft:diamond":2,"minecraft:hay_block":26,"minecraft:granite":20,"pixelmon:ruby":6,"pixelmon:red_apricorn":1,"minecraft:oak_sapling":12,"minecraft:coal":159,"minecraft:cobblestone":251,"pixelmon:rabuta_berry":1},"minecraft:mined":{"pixelmon:sapphire_ore":1,"minecraft:diamond_ore":2,"pixelmon:amethyst_ore":2,"minecraft:oak_sapling":1,"minecraft:red_bed":1,"minecraft:dark_oak_leaves":2,"minecraft:torch":2,"pixelmon:ruby_ore":6,"minecraft:granite":21,"minecraft:grass_block":10,"minecraft:rose_bush":1,"minecraft:redstone_wire":1,"minecraft:tall_grass":6,"minecraft:cobblestone":2,"pixelmon:elevator":1,"minecraft:green_stained_glass_pane":1,"minecraft:sugar_cane":6,"minecraft:diorite":34,"minecraft:wall_torch":2,"minecraft:large_fern":1,"minecraft:hay_block":26,"minecraft:redstone_ore":15,"minecraft:iron_ore":43,"minecraft:lilac":2,"minecraft:andesite":7,"minecraft:pumpkin":2,"minecraft:enchanting_table":1,"minecraft:grass_path":2,"minecraft:grass":44,"minecraft:bookshelf":14,"minecraft:coal_ore":159,"minecraft:oak_log":53,"pixelmon:bauxite_ore":8,"minecraft:dirt":46,"minecraft:stone":260,"minecraft:gold_ore":8,"minecraft:oak_leaves":9,"minecraft:green_bed":1}},"DataVersion":2586}