{"stats":{"minecraft:used":{"minecraft:rose_bush":1,"minecraft:bread":27,"pixelmon:elevator":1,"pixelmon:mach_bike":37,"pixelmon:acro_bike":1,"minecraft:green_bed":1,"minecraft:lilac":1,"minecraft:dirt":14,"minecraft:crafting_table":2,"minecraft:red_bed":2,"minecraft:oak_sapling":1,"minecraft:pumpkin":2},"minecraft:custom":{"minecraft:time_since_rest":12460,"minecraft:damage_taken":1200,"minecraft:sprint_one_cm":157775,"minecraft:walk_one_cm":84655,"minecraft:trigger_trapped_chest":2,"minecraft:drop":21,"minecraft:damage_dealt":49,"minecraft:swim_one_cm":9697,"minecraft:interact_with_crafting_table":2,"minecraft:fly_one_cm":261438,"minecraft:open_barrel":6,"minecraft:open_chest":17,"minecraft:play_one_minute":89316,"minecraft:sneak_time":29,"minecraft:walk_under_water_one_cm":2360,"minecraft:interact_with_brewingstand":1,"minecraft:jump":1332,"minecraft:leave_game":3,"minecraft:time_since_death":89316,"minecraft:walk_on_water_one_cm":4922,"minecraft:sleep_in_bed":1,"minecraft:climb_one_cm":3201,"minecraft:fall_one_cm":56522,"minecraft:horse_one_cm":491234},"minecraft:dropped":{"minecraft:wheat_seeds":8,"pixelmon:curry_herb":2,"minecraft:lilac":1,"minecraft:rose_bush":1,"minecraft:feather":3,"minecraft:sugar":1,"pixelmon:razz_berry":3,"minecraft:lily_of_the_valley":2,"minecraft:redstone":3},"minecraft:crafted":{"minecraft:oak_planks":24,"minecraft:crafting_table":2,"minecraft:bread":39,"minecraft:wheat":117},"minecraft:picked_up":{"pixelmon:acro_bike":1,"minecraft:feather":3,"minecraft:lilac":2,"minecraft:pumpkin":2,"minecraft:green_bed":1,"pixelmon:poke_ball":1,"pixelmon:razz_berry":5,"minecraft:porkchop":1,"minecraft:oak_log":6,"pixelmon:curry_herb":2,"minecraft:lily_of_the_valley":2,"minecraft:redstone":3,"pixelmon:mach_bike":38,"minecraft:dirt":16,"minecraft:string":3,"minecraft:red_bed":1,"pixelmon:elevator":1,"minecraft:sugar":1,"minecraft:wheat_seeds":8,"minecraft:hay_block":26,"minecraft:rose_bush":2,"pixelmon:red_apricorn":1,"minecraft:oak_sapling":1,"minecraft:sugar_cane":13,"pixelmon:rabuta_berry":1},"minecraft:mined":{"minecraft:large_fern":1,"minecraft:hay_block":26,"minecraft:red_bed":1,"minecraft:dark_oak_leaves":2,"minecraft:lilac":2,"minecraft:pumpkin":2,"minecraft:grass_path":2,"minecraft:grass":42,"minecraft:grass_block":5,"minecraft:oak_log":6,"minecraft:rose_bush":1,"minecraft:redstone_wire":1,"minecraft:dirt":9,"minecraft:tall_grass":5,"pixelmon:elevator":1,"minecraft:green_stained_glass_pane":1,"minecraft:sugar_cane":6,"minecraft:green_bed":1,"minecraft:oak_leaves":6}},"DataVersion":2586}