{"stats":{"minecraft:picked_up":{"pixelmon:acro_bike":1,"minecraft:feather":2,"minecraft:lilac":1,"pixelmon:poke_ball":1,"pixelmon:razz_berry":5,"minecraft:oak_log":1,"pixelmon:curry_herb":1,"minecraft:redstone":3,"minecraft:lily_of_the_valley":2,"pixelmon:mach_bike":28,"minecraft:string":2,"minecraft:dirt":16,"pixelmon:elevator":1,"minecraft:sugar":1,"minecraft:wheat_seeds":4,"minecraft:hay_block":13,"minecraft:rose_bush":2,"pixelmon:red_apricorn":1,"minecraft:sugar_cane":5,"pixelmon:rabuta_berry":1},"minecraft:crafted":{"minecraft:oak_planks":4,"minecraft:crafting_table":1,"minecraft:bread":39,"minecraft:wheat":117},"minecraft:used":{"minecraft:rose_bush":1,"minecraft:bread":18,"pixelmon:elevator":1,"pixelmon:mach_bike":27,"pixelmon:acro_bike":1,"minecraft:dirt":14,"minecraft:crafting_table":1},"minecraft:custom":{"minecraft:time_since_rest":67994,"minecraft:damage_taken":790,"minecraft:sprint_one_cm":108258,"minecraft:walk_one_cm":62604,"minecraft:drop":15,"minecraft:damage_dealt":49,"minecraft:interact_with_crafting_table":1,"minecraft:swim_one_cm":2197,"minecraft:fly_one_cm":164711,"minecraft:open_barrel":6,"minecraft:open_chest":8,"minecraft:play_one_minute":67994,"minecraft:sneak_time":23,"minecraft:walk_under_water_one_cm":694,"minecraft:jump":848,"minecraft:leave_game":2,"minecraft:time_since_death":67994,"minecraft:walk_on_water_one_cm":2390,"minecraft:climb_one_cm":2052,"minecraft:fall_one_cm":33335,"minecraft:horse_one_cm":266067},"minecraft:mined":{"minecraft:hay_block":13,"minecraft:dark_oak_leaves":2,"minecraft:lilac":1,"minecraft:grass_path":2,"minecraft:grass":27,"minecraft:grass_block":5,"minecraft:oak_log":1,"minecraft:rose_bush":1,"minecraft:dirt":9,"minecraft:tall_grass":5,"pixelmon:elevator":1,"minecraft:sugar_cane":3,"minecraft:oak_leaves":1},"minecraft:dropped":{"minecraft:wheat_seeds":4,"pixelmon:curry_herb":1,"minecraft:lilac":1,"minecraft:rose_bush":1,"minecraft:feather":2,"minecraft:sugar":1,"minecraft:redstone":3,"pixelmon:razz_berry":3,"minecraft:lily_of_the_valley":2}},"DataVersion":2586}