{"stats":{"minecraft:picked_up":{"pixelmon:acro_bike":1,"minecraft:wheat_seeds":2,"pixelmon:poke_ball":1,"pixelmon:mach_bike":2,"pixelmon:rabuta_berry":1,"minecraft:dirt":2},"minecraft:used":{"minecraft:dirt":2,"minecraft:bread":1,"pixelmon:mach_bike":1,"pixelmon:acro_bike":1},"minecraft:custom":{"minecraft:open_chest":2,"minecraft:time_since_rest":6433,"minecraft:play_one_minute":6433,"minecraft:sprint_one_cm":11628,"minecraft:damage_taken":90,"minecraft:walk_one_cm":5121,"minecraft:drop":2,"minecraft:jump":114,"minecraft:damage_dealt":40,"minecraft:walk_on_water_one_cm":257,"minecraft:time_since_death":6433,"minecraft:fly_one_cm":26888,"minecraft:fall_one_cm":3655,"minecraft:horse_one_cm":62871},"minecraft:mined":{"minecraft:grass":12,"minecraft:dirt":1,"minecraft:tall_grass":3,"minecraft:grass_path":1},"minecraft:dropped":{"minecraft:wheat_seeds":2}},"DataVersion":2586}