{"stats":{"minecraft:picked_up":{"pixelmon:green_apricorn":1,"pixelmon:poke_ball_lid":3,"minecraft:coarse_dirt":2,"minecraft:stick":2,"minecraft:crafting_table":1,"minecraft:sandstone":1,"minecraft:gravel":1,"pixelmon:poke_ball":20,"minecraft:sand":3,"minecraft:flint":1,"minecraft:stone_button":3,"minecraft:dirt":5,"pixelmon:platinum_base":2,"minecraft:bone":1,"minecraft:beetroot":1,"minecraft:beetroot_seeds":3,"minecraft:wheat_seeds":4,"minecraft:painting":1,"minecraft:bread":15,"pixelmon:silver_base":1},"minecraft:crafted":{"pixelmon:poke_ball":3},"minecraft:used":{"minecraft:beetroot":1,"minecraft:apple":2,"minecraft:bread":12,"minecraft:cod":4,"minecraft:painting":1,"minecraft:potato":22},"minecraft:custom":{"minecraft:time_since_rest":35206,"minecraft:sprint_one_cm":125984,"minecraft:damage_taken":578,"minecraft:walk_one_cm":88648,"minecraft:drop":1,"minecraft:damage_dealt":30,"minecraft:swim_one_cm":1135,"minecraft:fly_one_cm":320834,"minecraft:open_barrel":23,"minecraft:open_chest":19,"minecraft:play_one_minute":40941,"minecraft:crouch_one_cm":88,"minecraft:sneak_time":79,"minecraft:walk_under_water_one_cm":109,"minecraft:jump":1446,"minecraft:eat_cake_slice":5,"minecraft:interact_with_stonecutter":1,"minecraft:time_since_death":40941,"minecraft:walk_on_water_one_cm":477,"minecraft:sleep_in_bed":1,"minecraft:climb_one_cm":1757,"minecraft:fall_one_cm":46558},"minecraft:mined":{"minecraft:glass_pane":2,"minecraft:crafting_table":1,"minecraft:dead_bush":1},"minecraft:dropped":{"minecraft:wheat_seeds":1}},"DataVersion":2586}