{"stats":{"minecraft:picked_up":{"pixelmon:green_apricorn":1,"minecraft:crafting_table":1,"minecraft:beetroot":1,"minecraft:beetroot_seeds":3,"minecraft:wheat_seeds":4,"minecraft:painting":1},"minecraft:used":{"minecraft:beetroot":1,"minecraft:apple":2,"minecraft:bread":4},"minecraft:custom":{"minecraft:time_since_rest":11206,"minecraft:open_chest":8,"minecraft:crouch_one_cm":66,"minecraft:play_one_minute":16941,"minecraft:sprint_one_cm":72575,"minecraft:damage_taken":189,"minecraft:walk_one_cm":40774,"minecraft:sneak_time":63,"minecraft:walk_under_water_one_cm":109,"minecraft:drop":1,"minecraft:jump":676,"minecraft:eat_cake_slice":3,"minecraft:interact_with_stonecutter":1,"minecraft:damage_dealt":30,"minecraft:walk_on_water_one_cm":343,"minecraft:time_since_death":16941,"minecraft:sleep_in_bed":1,"minecraft:swim_one_cm":1135,"minecraft:fall_one_cm":21485,"minecraft:fly_one_cm":159900,"minecraft:open_barrel":12},"minecraft:mined":{"minecraft:glass_pane":2,"minecraft:crafting_table":1},"minecraft:dropped":{"minecraft:wheat_seeds":1}},"DataVersion":2586}