{"stats":{"minecraft:broken":{"minecraft:stone_pickaxe":5,"minecraft:iron_pickaxe":4},"minecraft:used":{"pixelmon:qualot_berry":1,"minecraft:beetroot":1,"minecraft:diorite":1,"pixelmon:rawst_berry":2,"minecraft:stone_pickaxe":655,"minecraft:chest":2,"minecraft:wooden_pickaxe":44,"minecraft:torch":4,"minecraft:salmon":3,"minecraft:dirt":57,"minecraft:mutton":4,"minecraft:crafting_table":1,"minecraft:red_bed":2,"minecraft:carrot":14,"minecraft:cod":4,"minecraft:painting":1,"minecraft:granite":1,"minecraft:oak_log":1,"minecraft:apple":7,"minecraft:chicken":8,"minecraft:bread":61,"minecraft:iron_pickaxe":1051,"minecraft:cobblestone":79,"minecraft:beef":4,"minecraft:furnace":1,"minecraft:porkchop":5,"minecraft:potato":22,"pixelmon:wiki_berry":1},"minecraft:custom":{"minecraft:interact_with_furnace":10,"minecraft:interact_with_crafting_table":16,"minecraft:tune_noteblock":1,"minecraft:open_barrel":103,"minecraft:interact_with_loom":1,"minecraft:play_one_minute":291870,"minecraft:eat_cake_slice":5,"minecraft:interact_with_stonecutter":1,"minecraft:leave_game":1,"minecraft:time_since_death":39105,"minecraft:sleep_in_bed":3,"minecraft:climb_one_cm":9364,"minecraft:time_since_rest":6529,"minecraft:sprint_one_cm":793550,"minecraft:damage_taken":2545,"minecraft:walk_one_cm":639121,"minecraft:trigger_trapped_chest":1,"minecraft:drop":24,"minecraft:damage_dealt":30,"minecraft:swim_one_cm":12796,"minecraft:fly_one_cm":1559671,"minecraft:open_chest":89,"minecraft:crouch_one_cm":14051,"minecraft:deaths":1,"minecraft:sneak_time":3823,"minecraft:walk_under_water_one_cm":2048,"minecraft:jump":7874,"minecraft:interact_with_blast_furnace":1,"minecraft:walk_on_water_one_cm":53211,"minecraft:fall_one_cm":232479},"minecraft:dropped":{"pixelmon:sapphire":2,"minecraft:wheat_seeds":4,"minecraft:iron_nugget":1,"minecraft:coarse_dirt":13,"pixelmon:big_nugget":1,"minecraft:crafting_table":1,"minecraft:cobblestone":65,"pixelmon:fire_gem":1,"pixelmon:green_apricorn":1,"minecraft:stick":1,"minecraft:flint":1,"minecraft:dirt":14,"pixelmon:crystal":2,"minecraft:beetroot_seeds":3,"pixelmon:ghost_gem":1,"minecraft:wooden_pickaxe":1},"minecraft:crafted":{"minecraft:oak_planks":76,"minecraft:crafting_table":1,"minecraft:wooden_pickaxe":1,"pixelmon:poke_ball":3,"minecraft:furnace":1,"minecraft:stick":44,"minecraft:iron_ingot":86,"minecraft:iron_pickaxe":10,"minecraft:stone_pickaxe":5,"minecraft:chest":2,"minecraft:torch":20},"minecraft:picked_up":{"pixelmon:poke_ball_lid":3,"minecraft:coarse_dirt":23,"minecraft:crafting_table":2,"pixelmon:hyper_potion":3,"minecraft:golden_leggings":1,"pixelmon:poke_ball":94,"minecraft:flint":18,"minecraft:oak_log":23,"minecraft:lapis_lazuli":10,"minecraft:dirt":130,"minecraft:red_bed":1,"pixelmon:super_potion":9,"pixelmon:platinum_base":2,"pixelmon:lure_casing_strong":1,"pixelmon:smoke_ball":1,"minecraft:bone":11,"minecraft:beetroot":1,"minecraft:wheat_seeds":7,"pixelmon:aluminium_helmet":1,"minecraft:beef":1,"pixelmon:potion":24,"minecraft:iron_ore":239,"minecraft:iron_nugget":1,"minecraft:iron_pickaxe":1,"minecraft:birch_sapling":1,"pixelmon:sapphire":1,"pixelmon:green_apricorn":1,"pixelmon:big_nugget":1,"minecraft:stick":7,"minecraft:sandstone":1,"pixelmon:x_accuracy":1,"minecraft:gravel":117,"pixelmon:amethyst":4,"minecraft:sand":3,"minecraft:stone_button":3,"minecraft:carrot":13,"minecraft:diorite":89,"minecraft:gold_ore":10,"pixelmon:electric_memory":1,"minecraft:redstone":195,"pixelmon:calcium":1,"pixelmon:crystal":1,"minecraft:diamond":3,"minecraft:beetroot_seeds":3,"minecraft:granite":57,"minecraft:painting":1,"minecraft:bread":15,"pixelmon:platinum_ore":9,"pixelmon:silver_base":1,"minecraft:mutton":4,"minecraft:coal":93,"pixelmon:rawst_berry":2,"minecraft:rail":2,"minecraft:cobblestone":1719},"minecraft:mined":{"minecraft:diamond_ore":3,"pixelmon:amethyst_ore":2,"minecraft:glass_pane":2,"minecraft:red_bed":1,"minecraft:dark_oak_leaves":1,"minecraft:crafting_table":1,"minecraft:granite":28,"minecraft:grass_block":33,"minecraft:dead_bush":1,"minecraft:cobblestone":2,"minecraft:tall_grass":6,"pixelmon:platinum_ore":9,"minecraft:lapis_ore":2,"minecraft:diorite":44,"minecraft:large_fern":1,"minecraft:redstone_ore":34,"minecraft:fire":1,"minecraft:iron_ore":165,"minecraft:birch_leaves":24,"minecraft:grass":8,"minecraft:coal_ore":88,"minecraft:oak_log":20,"minecraft:gravel":107,"pixelmon:berry_leaves_liechi":1,"minecraft:dirt":69,"minecraft:stone":1363,"minecraft:gold_ore":5,"minecraft:oak_leaves":13}},"DataVersion":2586}