{"stats":{"minecraft:picked_up":{"pixelmon:green_apricorn":1,"minecraft:stick":2,"minecraft:crafting_table":1,"minecraft:sandstone":1,"minecraft:bone":1,"minecraft:beetroot":1,"minecraft:beetroot_seeds":3,"minecraft:wheat_seeds":4,"minecraft:gravel":1,"minecraft:flint":1,"minecraft:sand":3,"minecraft:painting":1,"minecraft:bread":5,"minecraft:dirt":5,"minecraft:coarse_dirt":2},"minecraft:used":{"minecraft:beetroot":1,"minecraft:apple":2,"minecraft:bread":9,"minecraft:cod":4,"minecraft:potato":13},"minecraft:custom":{"minecraft:time_since_rest":23206,"minecraft:open_chest":12,"minecraft:crouch_one_cm":66,"minecraft:play_one_minute":28941,"minecraft:sprint_one_cm":102667,"minecraft:damage_taken":449,"minecraft:walk_one_cm":51225,"minecraft:sneak_time":63,"minecraft:walk_under_water_one_cm":109,"minecraft:drop":1,"minecraft:jump":1076,"minecraft:eat_cake_slice":5,"minecraft:interact_with_stonecutter":1,"minecraft:damage_dealt":30,"minecraft:walk_on_water_one_cm":343,"minecraft:time_since_death":28941,"minecraft:sleep_in_bed":1,"minecraft:climb_one_cm":652,"minecraft:swim_one_cm":1135,"minecraft:fall_one_cm":35640,"minecraft:fly_one_cm":254684,"minecraft:open_barrel":15},"minecraft:mined":{"minecraft:glass_pane":2,"minecraft:dead_bush":1,"minecraft:crafting_table":1},"minecraft:dropped":{"minecraft:wheat_seeds":1}},"DataVersion":2586}