{"stats":{"minecraft:picked_up":{"pixelmon:green_apricorn":1,"pixelmon:poke_ball_lid":3,"minecraft:coarse_dirt":2,"minecraft:stick":3,"minecraft:crafting_table":2,"minecraft:sandstone":1,"pixelmon:x_accuracy":1,"minecraft:gravel":1,"pixelmon:poke_ball":25,"minecraft:sand":3,"minecraft:flint":2,"minecraft:stone_button":3,"pixelmon:electric_memory":1,"minecraft:dirt":77,"minecraft:red_bed":1,"pixelmon:platinum_base":2,"pixelmon:lure_casing_strong":1,"pixelmon:smoke_ball":1,"minecraft:bone":1,"minecraft:beetroot":1,"minecraft:beetroot_seeds":3,"minecraft:wheat_seeds":6,"minecraft:beef":1,"minecraft:granite":1,"pixelmon:potion":13,"minecraft:painting":1,"minecraft:iron_nugget":1,"minecraft:bread":15,"pixelmon:silver_base":1,"minecraft:birch_sapling":1,"pixelmon:sapphire":1},"minecraft:crafted":{"pixelmon:poke_ball":3},"minecraft:used":{"minecraft:beetroot":1,"minecraft:apple":7,"minecraft:bread":52,"minecraft:dirt":56,"minecraft:beef":1,"minecraft:red_bed":1,"minecraft:carrot":7,"minecraft:cod":4,"minecraft:painting":1,"minecraft:potato":22,"minecraft:granite":1},"minecraft:custom":{"minecraft:time_since_rest":40348,"minecraft:sprint_one_cm":496913,"minecraft:damage_taken":1985,"minecraft:walk_one_cm":307487,"minecraft:trigger_trapped_chest":1,"minecraft:drop":13,"minecraft:damage_dealt":30,"minecraft:swim_one_cm":6890,"minecraft:tune_noteblock":1,"minecraft:fly_one_cm":1246781,"minecraft:open_barrel":85,"minecraft:open_chest":63,"minecraft:play_one_minute":169326,"minecraft:crouch_one_cm":7367,"minecraft:sneak_time":2221,"minecraft:walk_under_water_one_cm":1458,"minecraft:jump":5779,"minecraft:eat_cake_slice":5,"minecraft:interact_with_stonecutter":1,"minecraft:interact_with_blast_furnace":1,"minecraft:leave_game":1,"minecraft:time_since_death":169326,"minecraft:walk_on_water_one_cm":26180,"minecraft:sleep_in_bed":2,"minecraft:climb_one_cm":7581,"minecraft:fall_one_cm":187662},"minecraft:mined":{"minecraft:glass_pane":2,"minecraft:red_bed":1,"minecraft:birch_leaves":24,"minecraft:crafting_table":1,"minecraft:grass":8,"minecraft:grass_block":33,"minecraft:dead_bush":1,"pixelmon:berry_leaves_liechi":1,"minecraft:dirt":34,"minecraft:tall_grass":6,"minecraft:oak_leaves":5,"minecraft:large_fern":1},"minecraft:dropped":{"pixelmon:sapphire":2,"minecraft:dirt":14,"minecraft:wheat_seeds":3,"minecraft:iron_nugget":1,"minecraft:beetroot_seeds":3,"minecraft:crafting_table":1,"pixelmon:ghost_gem":1,"pixelmon:fire_gem":1,"minecraft:stick":1,"pixelmon:green_apricorn":1,"minecraft:flint":1}},"DataVersion":2586}