{"stats":{"minecraft:picked_up":{"pixelmon:green_apricorn":1,"pixelmon:poke_ball_lid":3,"minecraft:coarse_dirt":2,"minecraft:stick":2,"minecraft:crafting_table":1,"minecraft:sandstone":1,"minecraft:gravel":1,"pixelmon:poke_ball":20,"minecraft:sand":3,"minecraft:flint":1,"minecraft:stone_button":3,"minecraft:dirt":6,"pixelmon:platinum_base":2,"minecraft:bone":1,"minecraft:beetroot":1,"minecraft:beetroot_seeds":3,"minecraft:wheat_seeds":4,"pixelmon:potion":13,"minecraft:painting":1,"minecraft:bread":15,"pixelmon:silver_base":1,"pixelmon:sapphire":1},"minecraft:crafted":{"pixelmon:poke_ball":3},"minecraft:used":{"minecraft:beetroot":1,"minecraft:apple":2,"minecraft:bread":23,"minecraft:cod":4,"minecraft:painting":1,"minecraft:potato":22},"minecraft:custom":{"minecraft:time_since_rest":59206,"minecraft:sprint_one_cm":220549,"minecraft:damage_taken":918,"minecraft:walk_one_cm":113682,"minecraft:drop":4,"minecraft:damage_dealt":30,"minecraft:swim_one_cm":2940,"minecraft:tune_noteblock":1,"minecraft:fly_one_cm":578128,"minecraft:open_barrel":61,"minecraft:open_chest":46,"minecraft:play_one_minute":64941,"minecraft:crouch_one_cm":88,"minecraft:sneak_time":79,"minecraft:walk_under_water_one_cm":283,"minecraft:jump":2474,"minecraft:eat_cake_slice":5,"minecraft:interact_with_stonecutter":1,"minecraft:interact_with_blast_furnace":1,"minecraft:time_since_death":64941,"minecraft:walk_on_water_one_cm":8251,"minecraft:sleep_in_bed":1,"minecraft:climb_one_cm":3099,"minecraft:fall_one_cm":77353},"minecraft:mined":{"minecraft:glass_pane":2,"minecraft:crafting_table":1,"minecraft:grass":2,"minecraft:grass_block":1,"minecraft:dead_bush":1,"minecraft:tall_grass":2,"minecraft:oak_leaves":5},"minecraft:dropped":{"pixelmon:sapphire":2,"minecraft:wheat_seeds":1,"pixelmon:ghost_gem":1}},"DataVersion":2586}