{"stats":{"minecraft:broken":{"minecraft:stone_pickaxe":2},"minecraft:used":{"pixelmon:qualot_berry":1,"minecraft:beetroot":1,"minecraft:stone_pickaxe":380,"minecraft:chest":2,"minecraft:wooden_pickaxe":44,"minecraft:torch":4,"minecraft:salmon":3,"minecraft:dirt":57,"minecraft:crafting_table":1,"minecraft:red_bed":2,"minecraft:carrot":7,"minecraft:cod":4,"minecraft:painting":1,"minecraft:granite":1,"minecraft:oak_log":1,"minecraft:apple":7,"minecraft:bread":54,"minecraft:beef":4,"minecraft:furnace":1,"minecraft:potato":22,"pixelmon:wiki_berry":1},"minecraft:custom":{"minecraft:interact_with_furnace":3,"minecraft:interact_with_crafting_table":10,"minecraft:tune_noteblock":1,"minecraft:open_barrel":100,"minecraft:interact_with_loom":1,"minecraft:play_one_minute":207870,"minecraft:eat_cake_slice":5,"minecraft:interact_with_stonecutter":1,"minecraft:leave_game":1,"minecraft:time_since_death":207870,"minecraft:sleep_in_bed":2,"minecraft:climb_one_cm":9364,"minecraft:time_since_rest":78892,"minecraft:sprint_one_cm":540585,"minecraft:damage_taken":2025,"minecraft:walk_one_cm":385463,"minecraft:trigger_trapped_chest":1,"minecraft:drop":20,"minecraft:damage_dealt":30,"minecraft:swim_one_cm":6890,"minecraft:fly_one_cm":1305649,"minecraft:open_chest":77,"minecraft:crouch_one_cm":7367,"minecraft:sneak_time":2225,"minecraft:walk_under_water_one_cm":1458,"minecraft:jump":6180,"minecraft:interact_with_blast_furnace":1,"minecraft:walk_on_water_one_cm":26180,"minecraft:fall_one_cm":197253},"minecraft:dropped":{"pixelmon:sapphire":2,"minecraft:wheat_seeds":3,"minecraft:iron_nugget":1,"minecraft:coarse_dirt":12,"pixelmon:big_nugget":1,"minecraft:crafting_table":1,"pixelmon:fire_gem":1,"pixelmon:green_apricorn":1,"minecraft:stick":1,"minecraft:flint":1,"minecraft:dirt":14,"pixelmon:crystal":2,"minecraft:beetroot_seeds":3,"pixelmon:ghost_gem":1,"minecraft:wooden_pickaxe":1},"minecraft:crafted":{"minecraft:oak_planks":76,"minecraft:crafting_table":1,"minecraft:wooden_pickaxe":1,"pixelmon:poke_ball":3,"minecraft:furnace":1,"minecraft:stick":24,"minecraft:iron_ingot":7,"minecraft:iron_pickaxe":1,"minecraft:stone_pickaxe":5,"minecraft:chest":2,"minecraft:torch":20},"minecraft:picked_up":{"pixelmon:poke_ball_lid":3,"minecraft:coarse_dirt":22,"minecraft:crafting_table":2,"pixelmon:poke_ball":25,"minecraft:flint":4,"minecraft:oak_log":23,"minecraft:dirt":77,"minecraft:red_bed":1,"pixelmon:platinum_base":2,"pixelmon:lure_casing_strong":1,"pixelmon:smoke_ball":1,"minecraft:bone":11,"minecraft:beetroot":1,"minecraft:wheat_seeds":6,"minecraft:beef":1,"pixelmon:potion":13,"minecraft:iron_ore":29,"minecraft:iron_nugget":1,"minecraft:birch_sapling":1,"pixelmon:sapphire":1,"pixelmon:green_apricorn":1,"pixelmon:big_nugget":1,"minecraft:stick":7,"minecraft:sandstone":1,"pixelmon:x_accuracy":1,"minecraft:gravel":3,"minecraft:sand":3,"minecraft:stone_button":3,"minecraft:diorite":33,"pixelmon:electric_memory":1,"pixelmon:crystal":1,"minecraft:beetroot_seeds":3,"minecraft:granite":1,"minecraft:painting":1,"minecraft:bread":15,"pixelmon:silver_base":1,"minecraft:coal":78,"minecraft:cobblestone":279},"minecraft:mined":{"minecraft:glass_pane":2,"minecraft:red_bed":1,"minecraft:crafting_table":1,"minecraft:grass_block":33,"minecraft:dead_bush":1,"minecraft:cobblestone":2,"minecraft:tall_grass":6,"minecraft:diorite":33,"minecraft:large_fern":1,"minecraft:iron_ore":29,"minecraft:birch_leaves":24,"minecraft:grass":8,"minecraft:coal_ore":78,"minecraft:oak_log":20,"minecraft:gravel":4,"pixelmon:berry_leaves_liechi":1,"minecraft:dirt":34,"minecraft:stone":278,"minecraft:oak_leaves":13}},"DataVersion":2586}