{"stats":{"minecraft:broken":{"minecraft:stone_pickaxe":5,"minecraft:iron_pickaxe":2},"minecraft:used":{"pixelmon:qualot_berry":1,"minecraft:beetroot":1,"minecraft:diorite":1,"minecraft:stone_pickaxe":655,"minecraft:chest":2,"minecraft:wooden_pickaxe":44,"minecraft:torch":4,"minecraft:salmon":3,"minecraft:dirt":57,"minecraft:crafting_table":1,"minecraft:red_bed":2,"minecraft:carrot":7,"minecraft:cod":4,"minecraft:painting":1,"minecraft:granite":1,"minecraft:oak_log":1,"minecraft:apple":7,"minecraft:bread":60,"minecraft:iron_pickaxe":654,"minecraft:cobblestone":2,"minecraft:beef":4,"minecraft:furnace":1,"minecraft:potato":22,"pixelmon:wiki_berry":1},"minecraft:custom":{"minecraft:interact_with_furnace":8,"minecraft:interact_with_crafting_table":13,"minecraft:tune_noteblock":1,"minecraft:open_barrel":100,"minecraft:interact_with_loom":1,"minecraft:play_one_minute":243870,"minecraft:eat_cake_slice":5,"minecraft:interact_with_stonecutter":1,"minecraft:leave_game":1,"minecraft:time_since_death":243870,"minecraft:sleep_in_bed":2,"minecraft:climb_one_cm":9364,"minecraft:time_since_rest":114892,"minecraft:sprint_one_cm":634010,"minecraft:damage_taken":2105,"minecraft:walk_one_cm":440043,"minecraft:trigger_trapped_chest":1,"minecraft:drop":20,"minecraft:damage_dealt":30,"minecraft:swim_one_cm":6890,"minecraft:fly_one_cm":1374236,"minecraft:open_chest":84,"minecraft:crouch_one_cm":9038,"minecraft:sneak_time":2536,"minecraft:walk_under_water_one_cm":1458,"minecraft:jump":6701,"minecraft:interact_with_blast_furnace":1,"minecraft:walk_on_water_one_cm":38070,"minecraft:fall_one_cm":203938},"minecraft:dropped":{"pixelmon:sapphire":2,"minecraft:wheat_seeds":3,"minecraft:iron_nugget":1,"minecraft:coarse_dirt":12,"pixelmon:big_nugget":1,"minecraft:crafting_table":1,"pixelmon:fire_gem":1,"pixelmon:green_apricorn":1,"minecraft:stick":1,"minecraft:flint":1,"minecraft:dirt":14,"pixelmon:crystal":2,"minecraft:beetroot_seeds":3,"pixelmon:ghost_gem":1,"minecraft:wooden_pickaxe":1},"minecraft:crafted":{"minecraft:oak_planks":76,"minecraft:crafting_table":1,"minecraft:wooden_pickaxe":1,"pixelmon:poke_ball":3,"minecraft:furnace":1,"minecraft:stick":36,"minecraft:iron_ingot":22,"minecraft:iron_pickaxe":6,"minecraft:stone_pickaxe":5,"minecraft:chest":2,"minecraft:torch":20},"minecraft:picked_up":{"pixelmon:poke_ball_lid":3,"minecraft:coarse_dirt":23,"minecraft:crafting_table":2,"pixelmon:poke_ball":25,"minecraft:flint":7,"minecraft:oak_log":23,"minecraft:lapis_lazuli":5,"minecraft:dirt":113,"minecraft:red_bed":1,"pixelmon:platinum_base":2,"pixelmon:lure_casing_strong":1,"pixelmon:smoke_ball":1,"minecraft:bone":11,"minecraft:beetroot":1,"minecraft:wheat_seeds":6,"minecraft:beef":1,"pixelmon:potion":13,"minecraft:iron_ore":119,"minecraft:iron_nugget":1,"minecraft:birch_sapling":1,"pixelmon:sapphire":1,"pixelmon:green_apricorn":1,"pixelmon:big_nugget":1,"minecraft:stick":7,"minecraft:sandstone":1,"pixelmon:x_accuracy":1,"minecraft:gravel":32,"pixelmon:amethyst":2,"minecraft:sand":3,"minecraft:stone_button":3,"minecraft:diorite":45,"pixelmon:electric_memory":1,"minecraft:redstone":50,"pixelmon:crystal":1,"minecraft:diamond":3,"minecraft:beetroot_seeds":3,"minecraft:granite":25,"minecraft:painting":1,"minecraft:bread":15,"pixelmon:platinum_ore":9,"pixelmon:silver_base":1,"minecraft:coal":86,"minecraft:cobblestone":1019},"minecraft:mined":{"minecraft:diamond_ore":3,"pixelmon:amethyst_ore":2,"minecraft:glass_pane":2,"minecraft:red_bed":1,"minecraft:crafting_table":1,"minecraft:granite":27,"minecraft:grass_block":33,"minecraft:dead_bush":1,"minecraft:cobblestone":2,"minecraft:tall_grass":6,"pixelmon:platinum_ore":9,"minecraft:lapis_ore":1,"minecraft:diorite":44,"minecraft:large_fern":1,"minecraft:redstone_ore":11,"minecraft:iron_ore":119,"minecraft:birch_leaves":24,"minecraft:grass":8,"minecraft:coal_ore":86,"minecraft:oak_log":20,"minecraft:gravel":36,"pixelmon:berry_leaves_liechi":1,"minecraft:dirt":69,"minecraft:stone":1044,"minecraft:oak_leaves":13}},"DataVersion":2586}