{"stats":{"minecraft:custom":{"minecraft:interact_with_crafting_table":20,"minecraft:open_barrel":108,"minecraft:eat_cake_slice":9,"minecraft:leave_game":2,"minecraft:time_since_death":36616,"minecraft:climb_one_cm":11056,"minecraft:sprint_one_cm":1155037,"minecraft:walk_one_cm":845247,"minecraft:drop":28,"minecraft:deaths":3,"minecraft:sneak_time":5169,"minecraft:walk_under_water_one_cm":2433,"minecraft:jump":10931,"minecraft:interact_with_blast_furnace":1,"minecraft:walk_on_water_one_cm":69725,"minecraft:interact_with_furnace":11,"minecraft:tune_noteblock":1,"minecraft:play_one_minute":411510,"minecraft:interact_with_loom":1,"minecraft:interact_with_stonecutter":1,"minecraft:sleep_in_bed":3,"minecraft:time_since_rest":36667,"minecraft:damage_taken":3695,"minecraft:trigger_trapped_chest":1,"minecraft:damage_dealt":30,"minecraft:fly_one_cm":2199982,"minecraft:swim_one_cm":16098,"minecraft:open_chest":114,"minecraft:crouch_one_cm":18778,"minecraft:fall_one_cm":310135},"minecraft:used":{"minecraft:beetroot":1,"minecraft:flint_and_steel":1,"pixelmon:rawst_berry":2,"minecraft:redstone":1,"minecraft:chest":2,"minecraft:torch":4,"minecraft:dirt":57,"minecraft:mutton":9,"minecraft:carrot":73,"minecraft:granite":24,"minecraft:obsidian":10,"minecraft:beef":4,"minecraft:furnace":1,"minecraft:potato":28,"pixelmon:qualot_berry":1,"minecraft:diorite":1,"minecraft:stone_pickaxe":655,"minecraft:wooden_pickaxe":44,"minecraft:salmon":3,"minecraft:crafting_table":1,"minecraft:red_bed":2,"minecraft:cod":4,"minecraft:painting":1,"minecraft:oak_log":1,"minecraft:diamond_pickaxe":152,"minecraft:apple":7,"minecraft:chicken":8,"minecraft:bread":63,"minecraft:iron_pickaxe":2000,"minecraft:gravel":57,"minecraft:cobblestone":107,"minecraft:porkchop":5,"pixelmon:wiki_berry":1},"minecraft:broken":{"minecraft:stone_pickaxe":5,"minecraft:iron_pickaxe":8},"minecraft:crafted":{"minecraft:oak_planks":76,"minecraft:furnace":1,"minecraft:flint_and_steel":1,"minecraft:stone_pickaxe":5,"minecraft:chest":2,"minecraft:crafting_table":1,"minecraft:wooden_pickaxe":1,"pixelmon:poke_ball":3,"minecraft:bucket":1,"minecraft:diamond_pickaxe":1,"minecraft:stick":44,"minecraft:iron_ingot":150,"minecraft:iron_pickaxe":10,"minecraft:torch":20},"minecraft:dropped":{"pixelmon:sapphire":2,"minecraft:wheat_seeds":4,"pixelmon:big_nugget":1,"minecraft:crafting_table":1,"minecraft:cobblestone":75,"minecraft:stick":1,"pixelmon:green_apricorn":1,"minecraft:flint":3,"minecraft:dirt":78,"pixelmon:crystal":2,"pixelmon:ghost_gem":1,"minecraft:iron_nugget":1,"minecraft:coarse_dirt":13,"pixelmon:fire_gem":1,"minecraft:beetroot_seeds":3,"minecraft:wooden_pickaxe":1},"minecraft:picked_up":{"minecraft:coarse_dirt":23,"minecraft:crafting_table":2,"minecraft:wheat":21,"minecraft:nether_brick_fence":2,"minecraft:red_bed":1,"pixelmon:platinum_base":2,"minecraft:flint_and_steel":1,"minecraft:blackstone":29,"minecraft:beetroot":1,"minecraft:gold_nugget":3,"minecraft:bucket":1,"minecraft:beef":1,"minecraft:iron_nugget":1,"minecraft:iron_pickaxe":1,"minecraft:birch_sapling":1,"pixelmon:bauxite_ore":12,"pixelmon:green_apricorn":1,"pixelmon:big_nugget":1,"minecraft:stick":7,"minecraft:sandstone":1,"pixelmon:lum_berry":1,"minecraft:stone_button":3,"minecraft:diorite":153,"minecraft:carrot":198,"pixelmon:electric_memory":1,"minecraft:redstone":235,"pixelmon:crystal":6,"pixelmon:silver_ore":10,"minecraft:beetroot_seeds":3,"minecraft:nether_bricks":2,"pixelmon:silver_base":1,"minecraft:mutton":5,"minecraft:obsidian":18,"minecraft:white_wool":6,"pixelmon:rawst_berry":2,"minecraft:rail":2,"minecraft:cobblestone":2413,"pixelmon:poke_ball_lid":3,"minecraft:basalt":59,"minecraft:andesite":58,"minecraft:leather":2,"pixelmon:hyper_potion":6,"minecraft:golden_leggings":2,"minecraft:potato":15,"pixelmon:poke_ball":291,"minecraft:flint":21,"minecraft:oak_log":23,"minecraft:lapis_lazuli":30,"minecraft:dirt":231,"pixelmon:super_potion":21,"pixelmon:lure_casing_strong":1,"pixelmon:smoke_ball":1,"minecraft:bone":11,"minecraft:wheat_seeds":45,"pixelmon:aluminium_helmet":2,"pixelmon:potion":35,"minecraft:iron_ore":244,"pixelmon:sapphire":1,"pixelmon:x_accuracy":1,"minecraft:gravel":170,"minecraft:sand":3,"pixelmon:amethyst":6,"minecraft:gold_ore":10,"pixelmon:calcium":2,"minecraft:diamond":3,"minecraft:granite":111,"minecraft:painting":1,"minecraft:bread":15,"pixelmon:platinum_ore":9,"minecraft:netherrack":27,"minecraft:coal":97,"minecraft:diamond_pickaxe":1},"minecraft:mined":{"minecraft:nether_gold_ore":1,"minecraft:diamond_ore":3,"minecraft:dark_oak_leaves":1,"minecraft:obsidian":14,"minecraft:nether_bricks":3,"minecraft:granite":98,"minecraft:grass_block":33,"pixelmon:platinum_ore":9,"minecraft:large_fern":1,"minecraft:redstone_ore":44,"minecraft:iron_ore":170,"minecraft:fire":3,"minecraft:andesite":61,"minecraft:nether_brick_fence":2,"pixelmon:berry_leaves_liechi":1,"pixelmon:bauxite_ore":9,"pixelmon:silver_ore":10,"minecraft:stone":2087,"pixelmon:amethyst_ore":3,"minecraft:glass_pane":2,"minecraft:red_bed":1,"minecraft:blackstone":29,"minecraft:basalt":61,"minecraft:crafting_table":1,"minecraft:dead_bush":1,"minecraft:cobblestone":2,"minecraft:tall_grass":6,"minecraft:lapis_ore":5,"minecraft:diorite":106,"minecraft:birch_leaves":24,"minecraft:grass":9,"minecraft:coal_ore":92,"minecraft:oak_log":20,"pixelmon:crystal_ore":5,"minecraft:gravel":120,"minecraft:dirt":175,"minecraft:netherrack":27,"minecraft:gold_ore":5,"minecraft:oak_leaves":13}},"DataVersion":2586}