{"stats":{"minecraft:picked_up":{"pixelmon:armorite_ore":1,"minecraft:coarse_dirt":26,"minecraft:crafting_table":2,"minecraft:wheat":23,"minecraft:nether_brick_fence":2,"pixelmon:rare_bone":2,"minecraft:brown_mushroom":2,"pixelmon:rare_candy":1,"minecraft:red_bed":1,"pixelmon:tamato_berry":1,"minecraft:flint_and_steel":1,"pixelmon:platinum_base":2,"pixelmon:x_attack":1,"minecraft:blackstone":33,"minecraft:beetroot":1,"minecraft:red_sand":47,"minecraft:gold_nugget":3,"minecraft:bucket":1,"minecraft:beef":1,"minecraft:iron_nugget":1,"minecraft:iron_pickaxe":4,"pixelmon:iapapa_berry":1,"minecraft:birch_sapling":1,"pixelmon:bauxite_ore":12,"pixelmon:green_apricorn":2,"pixelmon:big_nugget":1,"pixelmon:black_apricorn":1,"minecraft:stick":16,"minecraft:sandstone":11,"pixelmon:lum_berry":1,"minecraft:torch":1,"minecraft:acacia_log":2,"pixelmon:pecha_berry":3,"minecraft:stone_button":3,"pixelmon:l_exp_candy":1,"minecraft:diorite":159,"minecraft:carrot":233,"pixelmon:electric_memory":1,"minecraft:redstone":235,"pixelmon:crystal":6,"minecraft:cactus":1,"pixelmon:silver_ore":10,"pixelmon:pink_apricorn":1,"minecraft:beetroot_seeds":3,"minecraft:nether_bricks":4,"pixelmon:fire_gem":6,"pixelmon:ruby":4,"pixelmon:red_apricorn":1,"pixelmon:carbos":1,"pixelmon:silver_base":1,"minecraft:rail":2,"minecraft:obsidian":18,"minecraft:mutton":5,"pixelmon:rawst_berry":2,"minecraft:cod":2,"minecraft:white_wool":17,"minecraft:blaze_powder":7,"minecraft:cobblestone":2600,"pixelmon:rocky_helmet":1,"minecraft:enchanting_table":2,"pixelmon:poke_ball_lid":5,"minecraft:magma_block":2,"pixelmon:revive":3,"minecraft:basalt":67,"minecraft:tripwire_hook":2,"minecraft:andesite":72,"pixelmon:hyper_potion":6,"minecraft:cut_sandstone":1,"minecraft:leather":5,"minecraft:golden_leggings":2,"minecraft:potato":19,"pixelmon:poke_ball":362,"minecraft:flint":23,"minecraft:crimson_fungus":1,"pixelmon:aluminium_ingot":1,"minecraft:oak_log":445,"minecraft:lapis_lazuli":30,"pixelmon:big_mushroom":1,"minecraft:dirt":248,"pixelmon:super_potion":21,"pixelmon:lure_casing_strong":1,"pixelmon:smoke_ball":1,"minecraft:bone":13,"minecraft:wheat_seeds":66,"pixelmon:aluminium_helmet":2,"pixelmon:potion":35,"pixelmon:exp_all":1,"minecraft:iron_ingot":3,"minecraft:iron_ore":244,"minecraft:rabbit":2,"minecraft:glowstone_dust":8,"pixelmon:sapphire":1,"minecraft:oak_planks":13,"pixelmon:yellow_apricorn":1,"minecraft:ghast_tear":3,"pixelmon:x_accuracy":1,"minecraft:warped_wart_block":12,"minecraft:gravel":173,"pixelmon:amethyst":6,"minecraft:sand":28,"minecraft:soul_torch":4,"minecraft:gold_ore":10,"minecraft:chiseled_sandstone":1,"pixelmon:calcium":2,"pixelmon:qualot_berry":3,"minecraft:sugar":1,"minecraft:diamond":3,"minecraft:granite":111,"minecraft:painting":1,"minecraft:bread":30,"pixelmon:platinum_ore":9,"minecraft:oak_sapling":2,"pixelmon:wide_lens":1,"minecraft:netherrack":220,"minecraft:coal":97,"pixelmon:quick_powder":1,"minecraft:diamond_pickaxe":1},"minecraft:broken":{"minecraft:stone_pickaxe":5,"minecraft:iron_axe":1,"minecraft:iron_pickaxe":8},"minecraft:custom":{"minecraft:interact_with_anvil":2,"minecraft:interact_with_crafting_table":29,"minecraft:open_barrel":139,"minecraft:eat_cake_slice":12,"minecraft:leave_game":5,"minecraft:time_since_death":11147,"minecraft:climb_one_cm":21455,"minecraft:sprint_one_cm":1841450,"minecraft:walk_one_cm":1522949,"minecraft:drop":66,"minecraft:deaths":5,"minecraft:sneak_time":8289,"minecraft:walk_under_water_one_cm":4740,"minecraft:jump":19979,"minecraft:interact_with_blast_furnace":1,"minecraft:walk_on_water_one_cm":90727,"minecraft:interact_with_furnace":11,"minecraft:interact_with_cartography_table":1,"minecraft:tune_noteblock":1,"minecraft:play_one_minute":721608,"minecraft:interact_with_loom":1,"minecraft:interact_with_stonecutter":1,"minecraft:sleep_in_bed":4,"minecraft:time_since_rest":11305,"minecraft:damage_taken":5930,"minecraft:trigger_trapped_chest":1,"minecraft:damage_dealt":30,"minecraft:swim_one_cm":25700,"minecraft:fly_one_cm":4075822,"minecraft:open_chest":172,"minecraft:crouch_one_cm":30165,"minecraft:fall_one_cm":593262,"minecraft:horse_one_cm":194579},"minecraft:crafted":{"minecraft:oak_planks":76,"minecraft:furnace":1,"minecraft:flint_and_steel":1,"minecraft:iron_axe":1,"minecraft:stone_pickaxe":5,"minecraft:chest":5,"minecraft:crafting_table":2,"minecraft:wooden_pickaxe":2,"pixelmon:poke_ball":3,"minecraft:bucket":1,"minecraft:diamond_pickaxe":1,"minecraft:stick":48,"minecraft:iron_ingot":150,"minecraft:iron_pickaxe":12,"minecraft:acacia_planks":8,"minecraft:torch":20},"minecraft:used":{"minecraft:beetroot":1,"pixelmon:bauxite_ore":3,"minecraft:red_sand":46,"minecraft:flint_and_steel":1,"pixelmon:pecha_berry":3,"minecraft:redstone":1,"pixelmon:rawst_berry":2,"minecraft:chest":5,"minecraft:rotten_flesh":5,"pixelmon:tamato_berry":1,"minecraft:netherrack":180,"minecraft:torch":4,"minecraft:dirt":64,"minecraft:mutton":9,"minecraft:nether_bricks":2,"minecraft:carrot":122,"minecraft:granite":24,"minecraft:obsidian":10,"minecraft:iron_axe":82,"minecraft:tripwire_hook":1,"minecraft:magma_block":1,"minecraft:beef":4,"minecraft:oak_sapling":1,"minecraft:furnace":1,"minecraft:potato":40,"pixelmon:qualot_berry":5,"minecraft:diorite":1,"minecraft:rabbit":3,"minecraft:stone_pickaxe":655,"minecraft:blackstone":4,"minecraft:wooden_pickaxe":56,"minecraft:sandstone":10,"minecraft:white_wool":20,"minecraft:salmon":3,"minecraft:golden_apple":1,"minecraft:sand":22,"minecraft:crafting_table":2,"minecraft:red_bed":2,"minecraft:cod":8,"minecraft:painting":1,"minecraft:oak_log":1,"minecraft:diamond_pickaxe":152,"minecraft:apple":26,"minecraft:chicken":8,"minecraft:iron_pickaxe":2480,"minecraft:bread":99,"minecraft:gravel":65,"minecraft:crimson_fungus":1,"minecraft:cobblestone":107,"minecraft:porkchop":5,"pixelmon:wiki_berry":1},"minecraft:dropped":{"pixelmon:sapphire":2,"pixelmon:ruby":1,"minecraft:bread":15,"pixelmon:poke_ball_lid":1,"minecraft:wheat_seeds":23,"pixelmon:amethyst":1,"pixelmon:big_nugget":1,"minecraft:crafting_table":1,"minecraft:cobblestone":75,"pixelmon:tm8_blank":1,"pixelmon:green_apricorn":1,"minecraft:stick":5,"minecraft:flint":5,"minecraft:dirt":81,"pixelmon:crystal":3,"minecraft:golden_carrot":6,"pixelmon:figy_berry":1,"pixelmon:ghost_gem":1,"minecraft:sand":3,"pixelmon:dynamax_candy":1,"minecraft:sugar":1,"minecraft:iron_pickaxe":1,"minecraft:cactus":1,"pixelmon:armorite_ore":1,"minecraft:tripwire_hook":1,"minecraft:acacia_planks":1,"minecraft:bone":4,"pixelmon:grepa_berry":1,"minecraft:iron_nugget":1,"minecraft:coarse_dirt":13,"minecraft:wheat":1,"minecraft:rotten_flesh":1,"minecraft:glowstone_dust":2,"pixelmon:fire_gem":1,"pixelmon:rare_bone":2,"minecraft:beetroot_seeds":3,"pixelmon:dynite_ore":1,"minecraft:red_sand":1,"minecraft:wooden_pickaxe":2,"minecraft:ghast_tear":3,"pixelmon:poke_ball":1},"minecraft:killed_by":{"minecraft:player":1},"minecraft:mined":{"minecraft:nether_gold_ore":1,"minecraft:diamond_ore":3,"minecraft:dark_oak_leaves":1,"minecraft:obsidian":14,"pixelmon:ruby_ore":3,"minecraft:nether_bricks":12,"minecraft:granite":102,"minecraft:red_sand":53,"minecraft:acacia_log":2,"minecraft:grass_block":37,"pixelmon:platinum_ore":9,"minecraft:sandstone":10,"minecraft:spawner":1,"minecraft:large_fern":1,"minecraft:magma_block":1,"minecraft:redstone_ore":44,"minecraft:glowstone":3,"minecraft:iron_ore":170,"minecraft:fire":8,"minecraft:chiseled_sandstone":1,"minecraft:andesite":76,"minecraft:enchanting_table":1,"minecraft:nether_brick_fence":2,"minecraft:shroomlight":1,"pixelmon:berry_leaves_liechi":1,"pixelmon:bauxite_ore":9,"pixelmon:silver_ore":10,"minecraft:stone":2294,"minecraft:white_wool":12,"minecraft:cut_sandstone":1,"pixelmon:amethyst_ore":3,"minecraft:brown_mushroom":1,"minecraft:glass_pane":2,"minecraft:red_bed":1,"minecraft:blackstone":34,"minecraft:basalt":70,"minecraft:crafting_table":1,"minecraft:dead_bush":7,"minecraft:tall_grass":7,"minecraft:cobblestone":2,"minecraft:lapis_ore":5,"minecraft:diorite":110,"minecraft:warped_wart_block":13,"minecraft:warped_nylium":7,"minecraft:wheat":1,"minecraft:birch_leaves":24,"minecraft:grass":11,"minecraft:oak_log":61,"minecraft:coal_ore":92,"pixelmon:crystal_ore":5,"minecraft:gravel":122,"minecraft:dirt":181,"minecraft:sand":23,"minecraft:gold_ore":5,"minecraft:netherrack":239,"minecraft:oak_leaves":17}},"DataVersion":2586}