{"stats":{"minecraft:custom":{"minecraft:interact_with_furnace":11,"minecraft:interact_with_crafting_table":19,"minecraft:tune_noteblock":1,"minecraft:open_barrel":103,"minecraft:play_one_minute":369510,"minecraft:interact_with_loom":1,"minecraft:interact_with_stonecutter":1,"minecraft:eat_cake_slice":5,"minecraft:leave_game":2,"minecraft:time_since_death":6846,"minecraft:sleep_in_bed":3,"minecraft:climb_one_cm":10460,"minecraft:time_since_rest":6892,"minecraft:sprint_one_cm":1004314,"minecraft:damage_taken":3229,"minecraft:walk_one_cm":815985,"minecraft:trigger_trapped_chest":1,"minecraft:drop":26,"minecraft:damage_dealt":30,"minecraft:swim_one_cm":12796,"minecraft:fly_one_cm":1854393,"minecraft:open_chest":105,"minecraft:crouch_one_cm":18778,"minecraft:deaths":2,"minecraft:sneak_time":5169,"minecraft:walk_under_water_one_cm":2048,"minecraft:jump":9622,"minecraft:interact_with_blast_furnace":1,"minecraft:walk_on_water_one_cm":65278,"minecraft:fall_one_cm":270661},"minecraft:used":{"pixelmon:qualot_berry":1,"minecraft:beetroot":1,"minecraft:diorite":1,"minecraft:flint_and_steel":1,"minecraft:redstone":1,"minecraft:stone_pickaxe":655,"pixelmon:rawst_berry":2,"minecraft:chest":2,"minecraft:wooden_pickaxe":44,"minecraft:salmon":3,"minecraft:torch":4,"minecraft:dirt":57,"minecraft:mutton":4,"minecraft:crafting_table":1,"minecraft:red_bed":2,"minecraft:carrot":57,"minecraft:cod":4,"minecraft:painting":1,"minecraft:granite":24,"minecraft:obsidian":10,"minecraft:oak_log":1,"minecraft:diamond_pickaxe":29,"minecraft:apple":7,"minecraft:chicken":8,"minecraft:iron_pickaxe":2000,"minecraft:bread":61,"minecraft:gravel":57,"minecraft:cobblestone":103,"minecraft:beef":4,"minecraft:furnace":1,"minecraft:porkchop":5,"minecraft:potato":22,"pixelmon:wiki_berry":1},"minecraft:broken":{"minecraft:stone_pickaxe":5,"minecraft:iron_pickaxe":8},"minecraft:crafted":{"minecraft:oak_planks":76,"minecraft:crafting_table":1,"minecraft:wooden_pickaxe":1,"pixelmon:poke_ball":3,"minecraft:furnace":1,"minecraft:bucket":1,"minecraft:flint_and_steel":1,"minecraft:diamond_pickaxe":1,"minecraft:stick":44,"minecraft:iron_ingot":150,"minecraft:iron_pickaxe":10,"minecraft:stone_pickaxe":5,"minecraft:chest":2,"minecraft:torch":20},"minecraft:dropped":{"pixelmon:sapphire":2,"minecraft:wheat_seeds":4,"minecraft:iron_nugget":1,"minecraft:coarse_dirt":13,"pixelmon:big_nugget":1,"minecraft:crafting_table":1,"minecraft:cobblestone":75,"pixelmon:fire_gem":1,"pixelmon:green_apricorn":1,"minecraft:stick":1,"minecraft:flint":1,"minecraft:dirt":78,"pixelmon:crystal":2,"minecraft:beetroot_seeds":3,"pixelmon:ghost_gem":1,"minecraft:wooden_pickaxe":1},"minecraft:picked_up":{"pixelmon:poke_ball_lid":3,"minecraft:wheat":19,"minecraft:crafting_table":2,"minecraft:coarse_dirt":23,"minecraft:andesite":58,"minecraft:golden_leggings":2,"pixelmon:hyper_potion":6,"minecraft:potato":10,"pixelmon:poke_ball":291,"minecraft:flint":19,"minecraft:oak_log":23,"minecraft:lapis_lazuli":30,"minecraft:dirt":231,"minecraft:red_bed":1,"minecraft:flint_and_steel":1,"pixelmon:super_potion":21,"pixelmon:platinum_base":2,"pixelmon:lure_casing_strong":1,"pixelmon:smoke_ball":1,"minecraft:bone":11,"minecraft:beetroot":1,"minecraft:bucket":1,"minecraft:wheat_seeds":38,"pixelmon:aluminium_helmet":2,"pixelmon:potion":35,"minecraft:beef":1,"minecraft:iron_ore":244,"minecraft:iron_nugget":1,"minecraft:iron_pickaxe":1,"minecraft:birch_sapling":1,"pixelmon:sapphire":1,"pixelmon:bauxite_ore":9,"pixelmon:green_apricorn":1,"pixelmon:big_nugget":1,"minecraft:stick":7,"minecraft:sandstone":1,"pixelmon:lum_berry":1,"pixelmon:x_accuracy":1,"minecraft:gravel":164,"pixelmon:amethyst":6,"minecraft:sand":3,"minecraft:stone_button":3,"minecraft:redstone":235,"minecraft:diorite":153,"minecraft:carrot":191,"pixelmon:electric_memory":1,"minecraft:gold_ore":10,"pixelmon:calcium":2,"pixelmon:crystal":6,"pixelmon:silver_ore":10,"minecraft:diamond":3,"minecraft:beetroot_seeds":3,"minecraft:granite":111,"minecraft:painting":1,"minecraft:bread":15,"pixelmon:platinum_ore":9,"minecraft:obsidian":18,"pixelmon:silver_base":1,"minecraft:mutton":4,"minecraft:coal":97,"pixelmon:rawst_berry":2,"minecraft:rail":2,"minecraft:cobblestone":2413,"minecraft:diamond_pickaxe":1},"minecraft:mined":{"minecraft:diamond_ore":3,"pixelmon:amethyst_ore":3,"minecraft:glass_pane":2,"minecraft:red_bed":1,"minecraft:dark_oak_leaves":1,"minecraft:obsidian":14,"minecraft:crafting_table":1,"minecraft:granite":98,"minecraft:grass_block":33,"minecraft:dead_bush":1,"minecraft:tall_grass":6,"minecraft:cobblestone":2,"pixelmon:platinum_ore":9,"minecraft:lapis_ore":5,"minecraft:diorite":106,"minecraft:large_fern":1,"minecraft:redstone_ore":44,"minecraft:iron_ore":170,"minecraft:fire":3,"minecraft:birch_leaves":24,"minecraft:andesite":61,"minecraft:grass":8,"minecraft:oak_log":20,"minecraft:coal_ore":92,"pixelmon:crystal_ore":5,"pixelmon:bauxite_ore":9,"pixelmon:berry_leaves_liechi":1,"minecraft:gravel":120,"minecraft:dirt":175,"pixelmon:silver_ore":10,"minecraft:stone":2087,"minecraft:gold_ore":5,"minecraft:oak_leaves":13}},"DataVersion":2586}