{"stats":{"minecraft:used":{"pixelmon:qualot_berry":1,"minecraft:beetroot":1,"minecraft:salmon":3,"minecraft:dirt":57,"minecraft:red_bed":1,"minecraft:carrot":7,"minecraft:cod":4,"minecraft:painting":1,"minecraft:granite":1,"minecraft:oak_log":1,"minecraft:apple":7,"minecraft:bread":52,"minecraft:beef":4,"minecraft:potato":22,"pixelmon:wiki_berry":1},"minecraft:custom":{"minecraft:tune_noteblock":1,"minecraft:open_barrel":99,"minecraft:interact_with_loom":1,"minecraft:play_one_minute":177870,"minecraft:eat_cake_slice":5,"minecraft:interact_with_stonecutter":1,"minecraft:leave_game":1,"minecraft:time_since_death":177870,"minecraft:sleep_in_bed":2,"minecraft:climb_one_cm":9364,"minecraft:time_since_rest":48892,"minecraft:sprint_one_cm":507403,"minecraft:damage_taken":1995,"minecraft:walk_one_cm":335080,"minecraft:trigger_trapped_chest":1,"minecraft:drop":16,"minecraft:damage_dealt":30,"minecraft:swim_one_cm":6890,"minecraft:fly_one_cm":1261436,"minecraft:open_chest":66,"minecraft:crouch_one_cm":7367,"minecraft:sneak_time":2221,"minecraft:walk_under_water_one_cm":1458,"minecraft:jump":5909,"minecraft:interact_with_blast_furnace":1,"minecraft:walk_on_water_one_cm":26180,"minecraft:fall_one_cm":190833},"minecraft:dropped":{"pixelmon:sapphire":2,"minecraft:wheat_seeds":3,"minecraft:iron_nugget":1,"pixelmon:big_nugget":1,"minecraft:crafting_table":1,"pixelmon:fire_gem":1,"pixelmon:green_apricorn":1,"minecraft:stick":1,"minecraft:flint":1,"minecraft:dirt":14,"pixelmon:crystal":2,"minecraft:beetroot_seeds":3,"pixelmon:ghost_gem":1},"minecraft:crafted":{"pixelmon:poke_ball":3},"minecraft:picked_up":{"pixelmon:poke_ball_lid":3,"minecraft:coarse_dirt":2,"minecraft:crafting_table":2,"pixelmon:poke_ball":25,"minecraft:flint":2,"minecraft:oak_log":11,"minecraft:dirt":77,"minecraft:red_bed":1,"pixelmon:platinum_base":2,"pixelmon:lure_casing_strong":1,"pixelmon:smoke_ball":1,"minecraft:bone":1,"minecraft:beetroot":1,"minecraft:wheat_seeds":6,"minecraft:beef":1,"pixelmon:potion":13,"minecraft:iron_nugget":1,"minecraft:birch_sapling":1,"pixelmon:sapphire":1,"pixelmon:green_apricorn":1,"pixelmon:big_nugget":1,"minecraft:stick":3,"minecraft:sandstone":1,"pixelmon:x_accuracy":1,"minecraft:gravel":1,"minecraft:sand":3,"minecraft:stone_button":3,"pixelmon:electric_memory":1,"pixelmon:crystal":1,"minecraft:beetroot_seeds":3,"minecraft:granite":1,"minecraft:painting":1,"minecraft:bread":15,"pixelmon:silver_base":1},"minecraft:mined":{"minecraft:glass_pane":2,"minecraft:red_bed":1,"minecraft:crafting_table":1,"minecraft:grass_block":33,"minecraft:dead_bush":1,"minecraft:tall_grass":6,"minecraft:large_fern":1,"minecraft:birch_leaves":24,"minecraft:grass":8,"minecraft:oak_log":11,"pixelmon:berry_leaves_liechi":1,"minecraft:dirt":34,"minecraft:oak_leaves":5}},"DataVersion":2586}