{"stats":{"minecraft:picked_up":{"minecraft:painting":1,"minecraft:wheat_seeds":4},"minecraft:custom":{"minecraft:jump":114,"minecraft:open_chest":2,"minecraft:time_since_rest":4941,"minecraft:damage_dealt":20,"minecraft:play_one_minute":4941,"minecraft:sprint_one_cm":14387,"minecraft:damage_taken":60,"minecraft:time_since_death":4941,"minecraft:walk_one_cm":13076,"minecraft:drop":1,"minecraft:fall_one_cm":3712,"minecraft:fly_one_cm":26556,"minecraft:open_barrel":7},"minecraft:dropped":{"minecraft:wheat_seeds":1}},"DataVersion":2586}