{"stats":{"minecraft:custom":{"minecraft:interact_with_crafting_table":43,"minecraft:open_barrel":273,"minecraft:eat_cake_slice":14,"minecraft:leave_game":10,"minecraft:time_since_death":109104,"minecraft:sprint_one_cm":2683659,"minecraft:drop":154,"minecraft:deaths":16,"minecraft:jump":27228,"minecraft:walk_on_water_one_cm":170280,"minecraft:interact_with_furnace":19,"minecraft:interact_with_cartography_table":1,"minecraft:play_one_minute":1125260,"minecraft:interact_with_loom":2,"minecraft:sleep_in_bed":4,"minecraft:damage_dealt":30,"minecraft:crouch_one_cm":32420,"minecraft:horse_one_cm":1025564,"minecraft:interact_with_anvil":2,"minecraft:climb_one_cm":37461,"minecraft:walk_one_cm":2012231,"minecraft:sneak_time":8987,"minecraft:walk_under_water_one_cm":26611,"minecraft:interact_with_blast_furnace":2,"minecraft:tune_noteblock":1,"minecraft:pot_flower":1,"minecraft:interact_with_stonecutter":1,"minecraft:time_since_rest":109131,"minecraft:damage_taken":14105,"minecraft:trigger_trapped_chest":1,"minecraft:swim_one_cm":71607,"minecraft:fly_one_cm":5583026,"minecraft:open_chest":406,"minecraft:fall_one_cm":827520},"minecraft:picked_up":{"minecraft:wheat":100,"minecraft:nether_brick_fence":2,"pixelmon:rare_bone":3,"minecraft:enchanted_book":1,"pixelmon:rare_candy":1,"minecraft:string":1,"pixelmon:full_heal":3,"pixelmon:tamato_berry":1,"minecraft:armor_stand":1,"pixelmon:sapphire_boots":1,"minecraft:beetroot":13,"pixelmon:power_band":2,"minecraft:red_sand":47,"minecraft:gold_nugget":3,"minecraft:bucket":5,"minecraft:iron_pickaxe":9,"pixelmon:big_nugget":1,"minecraft:stick":30,"pixelmon:lum_berry":3,"minecraft:acacia_log":5,"minecraft:torch":1,"pixelmon:plasma_plate":4,"pixelmon:ability_patch":2,"pixelmon:pecha_berry":3,"minecraft:diorite":189,"pixelmon:electric_memory":1,"pixelmon:ring_target":4,"pixelmon:crystal":6,"minecraft:cactus":1,"pixelmon:fire_gem":6,"pixelmon:ruby":5,"pixelmon:red_apricorn":1,"pixelmon:silver_base":1,"minecraft:blaze_rod":2,"minecraft:obsidian":18,"minecraft:cod":3,"minecraft:blaze_powder":48,"minecraft:cobblestone":3211,"pixelmon:rocky_helmet":2,"minecraft:enchanting_table":2,"minecraft:magma_block":2,"minecraft:leather_chestplate":1,"pixelmon:revive":7,"minecraft:magma_cream":1,"minecraft:andesite":73,"pixelmon:hyper_potion":6,"minecraft:golden_leggings":2,"pixelmon:sapphire_legs":2,"minecraft:potato":74,"minecraft:flint":23,"pixelmon:nugget":3,"minecraft:lapis_lazuli":64,"pixelmon:white_apricorn":3,"minecraft:dirt":629,"minecraft:leather_boots":1,"pixelmon:lure_casing_strong":1,"minecraft:bone":22,"minecraft:acacia_planks":7,"minecraft:wheat_seeds":264,"pixelmon:aluminium_helmet":2,"pixelmon:potion":55,"minecraft:rabbit":2,"minecraft:glowstone_dust":10,"minecraft:oak_planks":13,"minecraft:ghast_tear":3,"pixelmon:black_tumblestone":12,"pixelmon:x_accuracy":2,"pixelmon:prison_bottle":1,"minecraft:warped_wart_block":12,"pixelmon:fire_stone_sword":1,"minecraft:sand":37,"minecraft:chiseled_sandstone":3,"pixelmon:calcium":2,"pixelmon:qualot_berry":9,"pixelmon:m_exp_candy":1,"minecraft:sugar":1,"minecraft:diamond":3,"minecraft:cracked_polished_blackstone_bricks":14,"minecraft:granite":198,"minecraft:bone_meal":16,"pixelmon:mago_berry":1,"minecraft:emerald":3,"minecraft:bread":35,"minecraft:oak_sapling":2,"pixelmon:wide_lens":1,"minecraft:netherrack":274,"pixelmon:mystic_water":4,"minecraft:diamond_pickaxe":1,"pixelmon:armorite_ore":2,"minecraft:coarse_dirt":26,"minecraft:crafting_table":2,"pixelmon:houndoominite":1,"minecraft:splash_potion":1,"pixelmon:sapphire_hammer":4,"minecraft:leather_leggings":1,"minecraft:brown_mushroom":2,"minecraft:wooden_pickaxe":1,"pixelmon:expert_belt":3,"pixelmon:plasma_helm":4,"minecraft:red_bed":1,"minecraft:flint_and_steel":1,"minecraft:wooden_sword":2,"pixelmon:platinum_base":2,"minecraft:netherite_scrap":5,"minecraft:item_frame":3,"pixelmon:x_attack":1,"minecraft:blackstone":35,"minecraft:beef":1,"pixelmon:sapphire_plate":2,"pixelmon:plasma_boots":4,"minecraft:iron_nugget":1,"pixelmon:iapapa_berry":3,"minecraft:birch_sapling":3,"pixelmon:antidote":1,"pixelmon:bauxite_ore":12,"pixelmon:green_apricorn":3,"pixelmon:black_apricorn":1,"pixelmon:booster_energy":2,"minecraft:sandstone":48,"minecraft:polished_blackstone_bricks":10,"minecraft:stone_button":3,"pixelmon:l_exp_candy":1,"pixelmon:ability_capsule":5,"minecraft:carrot":455,"minecraft:redstone":235,"pixelmon:fire_stone_pickaxe":1,"pixelmon:silver_ore":10,"pixelmon:pink_apricorn":1,"minecraft:beetroot_seeds":3,"minecraft:nether_bricks":7,"pixelmon:icicle_plate":1,"pixelmon:relic_crown":1,"minecraft:gold_ingot":2,"pixelmon:carbos":1,"minecraft:mutton":5,"minecraft:white_wool":17,"pixelmon:rawst_berry":2,"minecraft:rail":2,"pixelmon:poke_ball_lid":5,"pixelmon:pomeg_berry":1,"minecraft:basalt":73,"minecraft:tripwire_hook":2,"minecraft:cut_sandstone":5,"minecraft:leather":7,"pixelmon:poke_ball":969,"minecraft:crimson_fungus":1,"pixelmon:pearl":9,"pixelmon:aluminium_ingot":1,"minecraft:oak_log":445,"pixelmon:big_mushroom":3,"pixelmon:figy_berry":1,"pixelmon:super_potion":34,"pixelmon:choice_scarf":2,"pixelmon:smoke_ball":1,"pixelmon:exp_all":2,"minecraft:iron_ingot":41,"minecraft:iron_ore":277,"pixelmon:power_weight":2,"pixelmon:choice_specs":1,"pixelmon:sapphire":3,"minecraft:soul_sand":1,"pixelmon:yellow_apricorn":2,"pixelmon:silver_powder":1,"minecraft:quartz":3,"minecraft:gravel":173,"pixelmon:amethyst":10,"minecraft:soul_torch":4,"minecraft:gold_ore":14,"minecraft:leather_helmet":1,"pixelmon:blue_apricorn":3,"pixelmon:plasma_legs":4,"pixelmon:muscle_band":2,"pixelmon:psychic_memory":4,"minecraft:slime_ball":2,"pixelmon:aluminium_shovel":4,"minecraft:painting":2,"pixelmon:pp_max":4,"pixelmon:platinum_ore":9,"minecraft:coal":125,"pixelmon:quick_powder":3},"minecraft:used":{"minecraft:beetroot":12,"pixelmon:bauxite_ore":3,"minecraft:red_sand":46,"pixelmon:rawst_berry":2,"minecraft:chest":5,"pixelmon:green_apricorn":2,"minecraft:rotten_flesh":5,"pixelmon:iapapa_berry":1,"minecraft:mutton":13,"minecraft:soul_sand":1,"minecraft:nether_bricks":5,"minecraft:carrot":175,"pixelmon:yellow_apricorn":2,"minecraft:obsidian":10,"minecraft:item_frame":1,"minecraft:magma_block":1,"minecraft:oak_sapling":1,"minecraft:furnace":2,"minecraft:potato":72,"minecraft:diorite":1,"minecraft:stone_pickaxe":655,"minecraft:blackstone":4,"minecraft:wooden_pickaxe":89,"minecraft:sandstone":41,"pixelmon:aluminium_shovel":97,"pixelmon:black_apricorn":1,"minecraft:white_wool":20,"minecraft:golden_apple":1,"minecraft:sand":31,"minecraft:chiseled_sandstone":2,"minecraft:bread":141,"minecraft:gravel":65,"pixelmon:kelpsy_berry":1,"pixelmon:wiki_berry":1,"minecraft:bone_meal":14,"minecraft:flint_and_steel":1,"pixelmon:pecha_berry":3,"minecraft:redstone":1,"pixelmon:red_apricorn":1,"pixelmon:tamato_berry":1,"minecraft:netherrack":197,"minecraft:torch":20,"minecraft:dirt":185,"minecraft:granite":24,"minecraft:iron_axe":82,"minecraft:tripwire_hook":1,"minecraft:golden_carrot":4,"minecraft:beef":6,"pixelmon:qualot_berry":5,"minecraft:water_bucket":1,"minecraft:rabbit":3,"pixelmon:figy_berry":1,"minecraft:polished_blackstone_bricks":4,"minecraft:salmon":3,"pixelmon:pink_apricorn":1,"minecraft:crafting_table":3,"minecraft:red_bed":2,"minecraft:cod":26,"minecraft:painting":2,"minecraft:oak_log":1,"pixelmon:pomeg_berry":1,"minecraft:diamond_pickaxe":167,"minecraft:apple":27,"minecraft:cracked_polished_blackstone_bricks":3,"minecraft:chicken":8,"minecraft:iron_pickaxe":2724,"pixelmon:aluminium_pickaxe":250,"minecraft:crimson_fungus":1,"minecraft:cobblestone":107,"minecraft:porkchop":5,"minecraft:cooked_porkchop":4},"minecraft:killed_by":{"minecraft:player":1},"minecraft:broken":{"pixelmon:aluminium_pickaxe":1,"minecraft:stone_pickaxe":5,"minecraft:iron_axe":1,"minecraft:iron_pickaxe":8},"minecraft:crafted":{"minecraft:oak_planks":76,"minecraft:chest":5,"minecraft:crafting_table":3,"minecraft:wooden_pickaxe":3,"pixelmon:poke_ball":3,"minecraft:diamond_pickaxe":1,"minecraft:stick":56,"minecraft:iron_ingot":163,"minecraft:iron_pickaxe":14,"minecraft:furnace":2,"minecraft:bone_meal":18,"minecraft:flint_and_steel":1,"minecraft:iron_axe":1,"minecraft:stone_pickaxe":5,"minecraft:bucket":1,"minecraft:bread":22,"minecraft:acacia_planks":20,"minecraft:torch":20},"minecraft:mined":{"pixelmon:apricorn_leaves_black":1,"minecraft:obsidian":14,"minecraft:granite":185,"minecraft:red_sand":53,"minecraft:acacia_log":5,"minecraft:grass_block":37,"minecraft:cracked_polished_blackstone_bricks":14,"pixelmon:apricorn_plant_yellow":1,"minecraft:spawner":1,"minecraft:light_blue_stained_glass":2,"minecraft:polished_blackstone_bricks":10,"minecraft:magma_block":1,"minecraft:glowstone":3,"minecraft:iron_ore":183,"minecraft:fire":10,"minecraft:enchanting_table":1,"pixelmon:apricorn_plant_green":1,"minecraft:cut_sandstone":5,"minecraft:brown_mushroom":1,"minecraft:red_bed":1,"minecraft:blackstone":36,"minecraft:blue_stained_glass":1,"minecraft:dead_bush":8,"minecraft:nether_quartz_ore":3,"minecraft:cobblestone":2,"minecraft:warped_nylium":7,"minecraft:wheat":1,"minecraft:lilac":1,"minecraft:grass":11,"minecraft:oak_log":61,"pixelmon:crystal_ore":5,"minecraft:sand":32,"minecraft:dirt":290,"minecraft:netherrack":277,"minecraft:oak_leaves":17,"minecraft:nether_gold_ore":1,"minecraft:diamond_ore":3,"minecraft:dark_oak_leaves":1,"pixelmon:ruby_ore":3,"minecraft:nether_bricks":15,"pixelmon:platinum_ore":9,"minecraft:sandstone":47,"minecraft:large_fern":1,"minecraft:redstone_ore":44,"minecraft:chiseled_sandstone":5,"minecraft:andesite":77,"minecraft:nether_brick_fence":2,"minecraft:shroomlight":1,"minecraft:vine":1,"pixelmon:berry_leaves_liechi":1,"pixelmon:bauxite_ore":9,"pixelmon:silver_ore":10,"minecraft:stone":2574,"minecraft:white_wool":12,"pixelmon:amethyst_ore":6,"minecraft:glass_pane":2,"minecraft:soul_sand":1,"minecraft:basalt":78,"minecraft:crafting_table":1,"minecraft:tall_grass":10,"minecraft:lapis_ore":9,"minecraft:polished_blackstone_brick_stairs":1,"minecraft:diorite":120,"minecraft:warped_wart_block":13,"minecraft:birch_leaves":35,"minecraft:coal_ore":111,"minecraft:gravel":122,"minecraft:gold_ore":9,"minecraft:fern":2},"minecraft:dropped":{"pixelmon:ruby":3,"pixelmon:poke_ball_lid":1,"pixelmon:qualot_berry":4,"minecraft:crafting_table":1,"pixelmon:sapphire_legs":2,"pixelmon:tm8_blank":1,"minecraft:leather":2,"pixelmon:silver_powder":2,"pixelmon:ability_capsule":1,"minecraft:leather_helmet":1,"minecraft:cod":1,"pixelmon:green_apricorn":1,"minecraft:flint":5,"minecraft:dirt":81,"minecraft:netherite_scrap":1,"pixelmon:figy_berry":1,"minecraft:bone_meal":8,"minecraft:sand":3,"pixelmon:dynamax_candy":3,"minecraft:sugar":1,"minecraft:iron_pickaxe":2,"pixelmon:armorite_ore":5,"minecraft:bone":8,"minecraft:iron_nugget":1,"minecraft:birch_sapling":2,"minecraft:wheat":2,"minecraft:beetroot":6,"minecraft:rotten_flesh":1,"pixelmon:antidote":6,"minecraft:glowstone_dust":2,"minecraft:carrot":2,"pixelmon:rare_bone":2,"minecraft:beetroot_seeds":3,"pixelmon:dynite_ore":1,"pixelmon:iapapa_berry":3,"minecraft:beef":2,"pixelmon:m_exp_candy":1,"minecraft:ghast_tear":3,"minecraft:netherrack":35,"pixelmon:poke_ball":2,"pixelmon:sapphire":5,"minecraft:bread":15,"pixelmon:big_mushroom":4,"minecraft:wheat_seeds":35,"pixelmon:amethyst":8,"pixelmon:big_nugget":1,"minecraft:cobblestone":75,"minecraft:apple":5,"minecraft:granite":81,"minecraft:coal":4,"minecraft:stick":11,"minecraft:golden_carrot":6,"pixelmon:crystal":5,"pixelmon:ghost_gem":1,"pixelmon:black_belt":1,"pixelmon:mago_berry":2,"minecraft:cactus":1,"minecraft:tripwire_hook":1,"minecraft:acacia_planks":1,"pixelmon:wiki_berry":1,"pixelmon:grepa_berry":1,"pixelmon:lum_berry":5,"minecraft:coarse_dirt":13,"pixelmon:mystic_water":1,"pixelmon:fire_gem":1,"minecraft:flint_and_steel":1,"minecraft:filled_map":1,"minecraft:potato":14,"pixelmon:sapphire_plate":1,"minecraft:slime_ball":1,"minecraft:sandstone":6,"minecraft:red_sand":1,"minecraft:wooden_pickaxe":2,"minecraft:magma_cream":2,"pixelmon:pomeg_berry":1}},"DataVersion":2586}