{
  "minecraft:recipes/tools/fishing_rod": {
    "criteria": {
      "has_string": "2024-06-23 02:23:10 +0000"
    },
    "done": true
  },
  "securitycraft:recipes/securitycraft/universal_block_remover": {
    "criteria": {
      "has_iron": "2024-06-23 23:14:37 +0000"
    },
    "done": true
  },
  "minecraft:recipes/food/cooked_mutton_from_campfire_cooking": {
    "criteria": {
      "has_mutton": "2024-06-23 02:37:21 +0000"
    },
    "done": true
  },
  "minecraft:recipes/decorations/smoker": {
    "criteria": {
      "has_furnace": "2024-06-23 23:14:05 +0000"
    },
    "done": true
  },
  "pixelmon:recipes/equipment/camera": {
    "criteria": {
      "has_film": "2024-06-23 02:08:33 +0000"
    },
    "done": true
  },
  "minecraft:recipes/redstone/lever": {
    "criteria": {
      "has_cobblestone": "2024-06-23 23:11:11 +0000"
    },
    "done": true
  },
  "minecraft:recipes/building_blocks/cobblestone_stairs_from_cobblestone_stonecutting": {
    "criteria": {
      "has_cobblestone": "2024-06-23 23:11:11 +0000"
    },
    "done": true
  },
  "minecraft:recipes/misc/magenta_dye_from_lilac": {
    "criteria": {
      "has_double_plant": "2024-06-23 02:21:44 +0000"
    },
    "done": true
  },
  "minecraft:recipes/combat/iron_sword": {
    "criteria": {
      "has_iron_ingot": "2024-06-23 23:14:37 +0000"
    },
    "done": true
  },
  "securitycraft:recipes/securitycraft/panic_button": {
    "criteria": {
      "has_redstone": "2024-06-23 04:24:57 +0000"
    },
    "done": true
  },
  "minecraft:recipes/misc/writable_book": {
    "criteria": {
      "has_book": "2024-06-23 02:15:04 +0000"
    },
    "done": true
  },
  "securitycraft:recipes/securitycraft/reinforced_andesite_with_vanilla_diorite": {
    "criteria": {
      "has_cobblestone": "2024-06-23 23:11:11 +0000"
    },
    "done": true
  },
  "minecraft:recipes/misc/wheat": {
    "criteria": {
      "has_hay_block": "2024-06-23 04:25:38 +0000"
    },
    "done": true
  },
  "pixelmon:recipes/pokeball/lid/ultra_ball_lid": {
    "criteria": {
      "has_apricorn": "2024-06-23 02:26:27 +0000"
    },
    "done": true
  },
  "minecraft:recipes/building_blocks/polished_andesite_stairs_from_andesite_stonecutting": {
    "criteria": {
      "has_andesite": "2024-06-23 23:21:05 +0000"
    },
    "done": true
  },
  "securitycraft:recipes/securitycraft/sentry": {
    "criteria": {
      "has_iron": "2024-06-23 23:14:37 +0000"
    },
    "done": true
  },
  "securitycraft:recipes/securitycraft/reinforced_spruce_fence": {
    "criteria": {
      "has_stick": "2024-06-23 23:10:51 +0000"
    },
    "done": true
  },
  "minecraft:recipes/tools/iron_pickaxe": {
    "criteria": {
      "has_iron_ingot": "2024-06-23 23:14:37 +0000"
    },
    "done": true
  },
  "minecraft:recipes/misc/pumpkin_seeds": {
    "criteria": {
      "has_pumpkin": "2024-06-23 23:04:43 +0000"
    },
    "done": true
  },
  "pixelmon:recipes/pokeball/lid/friend_ball_lid": {
    "criteria": {
      "has_poke_ball": "2024-06-23 02:37:28 +0000"
    },
    "done": true
  },
  "minecraft:recipes/decorations/crafting_table": {
    "criteria": {
      "has_planks": "2024-06-23 04:26:18 +0000"
    },
    "done": true
  },
  "minecraft:recipes/decorations/campfire": {
    "criteria": {
      "has_stick": "2024-06-23 23:10:51 +0000"
    },
    "done": true
  },
  "minecraft:recipes/food/bread": {
    "criteria": {
      "has_wheat": "2024-06-23 04:25:57 +0000"
    },
    "done": true
  },
  "minecraft:recipes/building_blocks/diorite_slab_from_diorite_stonecutting": {
    "criteria": {
      "has_diorite": "2024-06-23 23:20:54 +0000"
    },
    "done": true
  },
  "pixelmon:recipes/pokeball/lid/net_ball_lid": {
    "criteria": {
      "has_poke_ball": "2024-06-23 02:37:28 +0000"
    },
    "done": true
  },
  "minecraft:recipes/decorations/ladder": {
    "criteria": {
      "has_stick": "2024-06-23 23:10:51 +0000"
    },
    "done": true
  },
  "minecraft:recipes/misc/iron_nugget": {
    "criteria": {
      "has_iron_ingot": "2024-06-23 23:14:37 +0000"
    },
    "done": true
  },
  "minecraft:recipes/decorations/chest": {
    "criteria": {
      "has_lots_of_items": "2024-06-23 02:15:04 +0000"
    },
    "done": true
  },
  "securitycraft:recipes/securitycraft/reinforced_redstone_lamp": {
    "criteria": {
      "has_redstone": "2024-06-23 04:24:57 +0000"
    },
    "done": true
  },
  "minecraft:recipes/tools/wooden_shovel": {
    "criteria": {
      "has_stick": "2024-06-23 23:10:51 +0000"
    },
    "done": true
  },
  "securitycraft:recipes/securitycraft/track_mine": {
    "criteria": {
      "has_iron": "2024-06-23 23:14:37 +0000"
    },
    "done": true
  },
  "pixelmon:recipes/equipment/movement/old_running_boots": {
    "criteria": {
      "has_feather": "2024-06-23 02:33:15 +0000"
    },
    "done": true
  },
  "minecraft:recipes/decorations/torch": {
    "criteria": {
      "has_stone_pickaxe": "2024-06-23 23:11:24 +0000"
    },
    "done": true
  },
  "minecraft:recipes/tools/shears": {
    "criteria": {
      "has_iron_ingot": "2024-06-23 23:14:37 +0000"
    },
    "done": true
  },
  "minecraft:recipes/misc/stick": {
    "criteria": {
      "has_planks": "2024-06-23 04:26:18 +0000"
    },
    "done": true
  },
  "pixelmon:recipes/decor/terrain/poke_dirt": {
    "criteria": {
      "has_dirt": "2024-06-23 02:10:37 +0000"
    },
    "done": true
  },
  "pixelmon:recipes/infuser/incense/all_incense": {
    "criteria": {
      "has_the_recipe": "2024-06-23 23:11:33 +0000"
    },
    "done": true
  },
  "minecraft:recipes/misc/iron_ingot_from_blasting": {
    "criteria": {
      "has_iron_ore": "2024-06-23 23:12:14 +0000"
    },
    "done": true
  },
  "minecraft:recipes/transportation/spruce_boat": {
    "criteria": {
      "in_water": "2024-06-23 02:09:14 +0000"
    },
    "done": true
  },
  "pixelmon:recipes/pokeball/lid/premier_ball_lid": {
    "criteria": {
      "has_poke_ball": "2024-06-23 02:37:28 +0000"
    },
    "done": true
  },
  "securitycraft:recipes/securitycraft/reinforced_oak_fence": {
    "criteria": {
      "has_stick": "2024-06-23 23:10:51 +0000"
    },
    "done": true
  },
  "securitycraft:recipes/securitycraft/blacklist_module": {
    "criteria": {
      "has_iron": "2024-06-23 23:14:37 +0000"
    },
    "done": true
  },
  "securitycraft:recipes/securitycraft/speed_module": {
    "criteria": {
      "has_iron": "2024-06-23 23:14:37 +0000"
    },
    "done": true
  },
  "pixelmon:recipes/pokeball/lid/dusk_ball_lid": {
    "criteria": {
      "has_poke_ball": "2024-06-23 02:37:28 +0000"
    },
    "done": true
  },
  "pixelmon:recipes/infuser/medicine/roserade_tea": {
    "criteria": {
      "has_berry": "2024-06-23 02:22:21 +0000"
    },
    "done": true
  },
  "pixelmon:recipes/machines/cookingpot": {
    "criteria": {
      "has_curry_ingredient": "2024-06-23 02:22:48 +0000"
    },
    "done": true
  },
  "pixelmon:recipes/pokeball/lid/safari_ball_lid": {
    "criteria": {
      "has_poke_ball": "2024-06-23 02:37:28 +0000"
    },
    "done": true
  },
  "securitycraft:recipes/securitycraft/electrified_iron_fence": {
    "criteria": {
      "has_iron": "2024-06-23 23:14:37 +0000"
    },
    "done": true
  },
  "minecraft:recipes/building_blocks/emerald_block": {
    "criteria": {
      "has_emerald": "2024-06-23 23:06:51 +0000"
    },
    "done": true
  },
  "securitycraft:recipes/securitycraft/harming_module": {
    "criteria": {
      "has_iron": "2024-06-23 23:14:37 +0000"
    },
    "done": true
  },
  "pixelmon:recipes/furnace/red_apricorn": {
    "criteria": {
      "has_apricorn": "2024-06-23 02:26:27 +0000"
    },
    "done": true
  },
  "minecraft:recipes/building_blocks/polished_granite_from_granite_stonecutting": {
    "criteria": {
      "has_granite": "2024-06-23 23:19:08 +0000"
    },
    "done": true
  },
  "pixelmon:recipes/pokeball/lid/poke_ball_lid": {
    "criteria": {
      "has_apricorn": "2024-06-23 02:26:27 +0000"
    },
    "done": true
  },
  "minecraft:recipes/misc/sugar_from_sugar_cane": {
    "criteria": {
      "has_reeds": "2024-06-23 02:35:20 +0000"
    },
    "done": true
  },
  "securitycraft:recipes/securitycraft/reinforced_andesite_with_vanilla_cobblestone": {
    "criteria": {
      "has_cobblestone": "2024-06-23 23:11:11 +0000"
    },
    "done": true
  },
  "securitycraft:recipes/securitycraft/reinforced_dark_oak_fence_gate": {
    "criteria": {
      "has_stick": "2024-06-23 23:10:51 +0000"
    },
    "done": true
  },
  "minecraft:recipes/combat/iron_leggings": {
    "criteria": {
      "has_iron_ingot": "2024-06-23 23:14:37 +0000"
    },
    "done": true
  },
  "securitycraft:recipes/securitycraft/keypad_frame": {
    "criteria": {
      "has_redstone": "2024-06-23 04:24:57 +0000"
    },
    "done": true
  },
  "minecraft:husbandry/balanced_diet": {
    "criteria": {
      "bread": "2024-06-23 02:12:43 +0000"
    },
    "done": false
  },
  "pixelmon:recipes/pokeball/lid/fast_ball_lid": {
    "criteria": {
      "has_poke_ball": "2024-06-23 02:37:28 +0000"
    },
    "done": true
  },
  "minecraft:recipes/tools/wooden_hoe": {
    "criteria": {
      "has_stick": "2024-06-23 23:10:51 +0000"
    },
    "done": true
  },
  "minecraft:recipes/combat/shield": {
    "criteria": {
      "has_iron_ingot": "2024-06-23 23:14:37 +0000"
    },
    "done": true
  },
  "minecraft:recipes/building_blocks/cobblestone_slab": {
    "criteria": {
      "has_cobblestone": "2024-06-23 23:11:11 +0000"
    },
    "done": true
  },
  "pixelmon:pokedex/pokedex_trigger": {
    "criteria": {
      "pokedex_base": "2024-06-23 02:07:33 +0000"
    },
    "done": true
  },
  "minecraft:recipes/misc/bucket": {
    "criteria": {
      "has_iron_ingot": "2024-06-23 23:14:37 +0000"
    },
    "done": true
  },
  "minecraft:recipes/building_blocks/diorite_slab": {
    "criteria": {
      "has_diorite": "2024-06-23 23:20:54 +0000"
    },
    "done": true
  },
  "minecraft:recipes/building_blocks/cobblestone_stairs": {
    "criteria": {
      "has_cobblestone": "2024-06-23 23:11:11 +0000"
    },
    "done": true
  },
  "minecraft:recipes/redstone/hopper": {
    "criteria": {
      "has_iron_ingot": "2024-06-23 23:14:37 +0000"
    },
    "done": true
  },
  "securitycraft:recipes/securitycraft/reinforced_bookshelf": {
    "criteria": {
      "has_book": "2024-06-23 02:15:04 +0000"
    },
    "done": true
  },
  "pixelmon:recipes/equipment/badgecase/redbadgecase": {
    "criteria": {
      "has_apricorn": "2024-06-23 02:26:27 +0000"
    },
    "done": true
  },
  "pixelmon:recipes/pokeball/lid/sport_ball_lid": {
    "criteria": {
      "has_poke_ball": "2024-06-23 02:37:28 +0000"
    },
    "done": true
  },
  "minecraft:recipes/decorations/granite_wall": {
    "criteria": {
      "has_granite": "2024-06-23 23:19:08 +0000"
    },
    "done": true
  },
  "securitycraft:recipes/securitycraft/taser": {
    "criteria": {
      "has_redstone": "2024-06-23 04:24:57 +0000"
    },
    "done": true
  },
  "minecraft:recipes/redstone/note_block": {
    "criteria": {
      "has_redstone": "2024-06-23 04:24:57 +0000"
    },
    "done": true
  },
  "securitycraft:recipes/securitycraft/redstone_module": {
    "criteria": {
      "has_iron": "2024-06-23 23:14:37 +0000"
    },
    "done": true
  },
  "securitycraft:recipes/securitycraft/reinforced_spruce_fence_gate": {
    "criteria": {
      "has_stick": "2024-06-23 23:10:51 +0000"
    },
    "done": true
  },
  "pixelmon:recipes/equipment/flute/blue_flute": {
    "criteria": {
      "has_blue_shard": "2024-06-23 23:06:33 +0000"
    },
    "done": true
  },
  "pixelmon:recipes/pokeball/lid/love_ball_lid": {
    "criteria": {
      "has_poke_ball": "2024-06-23 02:37:28 +0000"
    },
    "done": true
  },
  "minecraft:recipes/building_blocks/hay_block": {
    "criteria": {
      "has_wheat": "2024-06-23 04:25:57 +0000"
    },
    "done": true
  },
  "minecraft:recipes/combat/iron_helmet": {
    "criteria": {
      "has_iron_ingot": "2024-06-23 23:14:37 +0000"
    },
    "done": true
  },
  "minecraft:recipes/combat/bow": {
    "criteria": {
      "has_string": "2024-06-23 02:23:10 +0000"
    },
    "done": true
  },
  "securitycraft:recipes/securitycraft/security_camera": {
    "criteria": {
      "has_iron": "2024-06-23 23:14:37 +0000"
    },
    "done": true
  },
  "minecraft:recipes/redstone/oak_fence_gate": {
    "criteria": {
      "has_planks": "2024-06-23 04:26:18 +0000"
    },
    "done": true
  },
  "minecraft:recipes/redstone/lectern": {
    "criteria": {
      "has_book": "2024-06-23 02:15:04 +0000"
    },
    "done": true
  },
  "pixelmon:recipes/lures/lure_ha_weak": {
    "criteria": {
      "has_case_recipe": "2024-06-23 23:14:37 +0000"
    },
    "done": true
  },
  "securitycraft:recipes/securitycraft/door_indestructible_iron_item": {
    "criteria": {
      "has_iron": "2024-06-23 23:14:37 +0000"
    },
    "done": true
  },
  "pixelmon:recipes/machines/trade_machine/trade_holder_right": {
    "criteria": {
      "has_poke_ball": "2024-06-23 02:07:37 +0000"
    },
    "done": true
  },
  "pixelmon:recipes/pokeball/base/aluminum_base": {
    "criteria": {
      "has_ingot": "2024-06-23 02:07:37 +0000"
    },
    "done": true
  },
  "minecraft:recipes/building_blocks/andesite_stairs_from_andesite_stonecutting": {
    "criteria": {
      "has_andesite": "2024-06-23 23:21:05 +0000"
    },
    "done": true
  },
  "minecraft:recipes/decorations/iron_bars": {
    "criteria": {
      "has_iron_ingot": "2024-06-23 23:14:37 +0000"
    },
    "done": true
  },
  "securitycraft:recipes/securitycraft/reinforced_crimson_fence_gate": {
    "criteria": {
      "has_stick": "2024-06-23 23:10:51 +0000"
    },
    "done": true
  },
  "minecraft:recipes/decorations/diorite_wall_from_diorite_stonecutting": {
    "criteria": {
      "has_diorite": "2024-06-23 23:20:54 +0000"
    },
    "done": true
  },
  "minecraft:recipes/misc/red_dye_from_rose_bush": {
    "criteria": {
      "has_double_plant": "2024-06-23 02:30:13 +0000"
    },
    "done": true
  },
  "securitycraft:recipes/securitycraft/reinforced_dropper": {
    "criteria": {
      "has_redstone": "2024-06-23 04:24:57 +0000"
    },
    "done": true
  },
  "securitycraft:recipes/securitycraft/reinforced_birch_fence_gate": {
    "criteria": {
      "has_stick": "2024-06-23 23:10:51 +0000"
    },
    "done": true
  },
  "securitycraft:recipes/securitycraft/portable_radar": {
    "criteria": {
      "has_redstone": "2024-06-23 04:24:57 +0000"
    },
    "done": true
  },
  "minecraft:story/mine_stone": {
    "criteria": {
      "get_stone": "2024-06-23 23:11:11 +0000"
    },
    "done": true
  },
  "minecraft:recipes/redstone/target": {
    "criteria": {
      "has_redstone": "2024-06-23 04:24:57 +0000"
    },
    "done": true
  },
  "minecraft:recipes/decorations/furnace": {
    "criteria": {
      "has_cobblestone": "2024-06-23 23:11:11 +0000"
    },
    "done": true
  },
  "minecraft:recipes/transportation/minecart": {
    "criteria": {
      "has_iron_ingot": "2024-06-23 23:14:37 +0000"
    },
    "done": true
  },
  "securitycraft:recipes/securitycraft/reinforced_acacia_fence_gate": {
    "criteria": {
      "has_stick": "2024-06-23 23:10:51 +0000"
    },
    "done": true
  },
  "minecraft:recipes/brewing/cauldron": {
    "criteria": {
      "has_water_bucket": "2024-06-23 23:18:12 +0000"
    },
    "done": true
  },
  "pixelmon:recipes/machines/trade_machine/trade_monitor": {
    "criteria": {
      "has_poke_ball": "2024-06-23 02:07:37 +0000"
    },
    "done": true
  },
  "pixelmon:recipes/furnace/bauxite_ore": {
    "criteria": {
      "has_ore": "2024-06-23 23:24:09 +0000"
    },
    "done": true
  },
  "securitycraft:recipes/securitycraft/reinforced_jungle_fence": {
    "criteria": {
      "has_stick": "2024-06-23 23:10:51 +0000"
    },
    "done": true
  },
  "minecraft:recipes/misc/charcoal": {
    "criteria": {
      "has_log": "2024-06-23 04:26:16 +0000"
    },
    "done": true
  },
  "minecraft:recipes/building_blocks/andesite_stairs": {
    "criteria": {
      "has_andesite": "2024-06-23 23:21:05 +0000"
    },
    "done": true
  },
  "minecraft:adventure/sleep_in_bed": {
    "criteria": {
      "slept_in_bed": "2024-06-23 22:59:09 +0000"
    },
    "done": true
  },
  "minecraft:recipes/tools/iron_hoe": {
    "criteria": {
      "has_iron_ingot": "2024-06-23 23:14:37 +0000"
    },
    "done": true
  },
  "minecraft:recipes/tools/wooden_pickaxe": {
    "criteria": {
      "has_the_recipe": "2024-06-23 23:10:50 +0000"
    },
    "done": true
  },
  "minecraft:recipes/building_blocks/cobblestone_slab_from_cobblestone_stonecutting": {
    "criteria": {
      "has_cobblestone": "2024-06-23 23:11:11 +0000"
    },
    "done": true
  },
  "minecraft:husbandry/root": {
    "criteria": {
      "consumed_item": "2024-06-23 02:12:43 +0000"
    },
    "done": true
  },
  "minecraft:recipes/redstone/redstone_torch": {
    "criteria": {
      "has_redstone": "2024-06-23 04:24:57 +0000"
    },
    "done": true
  },
  "pixelmon:recipes/incense_burner": {
    "criteria": {
      "has_coal": "2024-06-23 23:11:33 +0000"
    },
    "done": true
  },
  "minecraft:recipes/transportation/birch_boat": {
    "criteria": {
      "in_water": "2024-06-23 02:09:14 +0000"
    },
    "done": true
  },
  "minecraft:recipes/building_blocks/oak_stairs": {
    "criteria": {
      "has_planks": "2024-06-23 04:26:18 +0000"
    },
    "done": true
  },
  "securitycraft:recipes/securitycraft/sonic_security_system": {
    "criteria": {
      "has_stick": "2024-06-23 23:10:51 +0000"
    },
    "done": true
  },
  "minecraft:recipes/building_blocks/polished_andesite_slab_from_andesite_stonecutting": {
    "criteria": {
      "has_andesite": "2024-06-23 23:21:05 +0000"
    },
    "done": true
  },
  "minecraft:recipes/building_blocks/polished_granite_slab_from_granite_stonecutting": {
    "criteria": {
      "has_granite": "2024-06-23 23:19:08 +0000"
    },
    "done": true
  },
  "minecraft:recipes/building_blocks/polished_andesite_from_andesite_stonecutting": {
    "criteria": {
      "has_andesite": "2024-06-23 23:21:05 +0000"
    },
    "done": true
  },
  "minecraft:recipes/transportation/acacia_boat": {
    "criteria": {
      "in_water": "2024-06-23 02:09:14 +0000"
    },
    "done": true
  },
  "minecraft:recipes/tools/iron_shovel": {
    "criteria": {
      "has_iron_ingot": "2024-06-23 23:14:37 +0000"
    },
    "done": true
  },
  "minecraft:recipes/redstone/iron_trapdoor": {
    "criteria": {
      "has_iron_ingot": "2024-06-23 23:14:37 +0000"
    },
    "done": true
  },
  "minecraft:recipes/food/cooked_salmon_from_campfire_cooking": {
    "criteria": {
      "has_salmon": "2024-06-23 02:38:01 +0000"
    },
    "done": true
  },
  "pixelmon:recipes/equipment/wailmer_pail": {
    "criteria": {
      "has_water_bucket": "2024-06-23 23:18:12 +0000"
    },
    "done": true
  },
  "pixelmon:recipes/equipment/vanilla/iron_hammer": {
    "criteria": {
      "has_iron_ingot": "2024-06-23 23:14:37 +0000"
    },
    "done": true
  },
  "securitycraft:recipes/securitycraft/storage_module": {
    "criteria": {
      "has_iron": "2024-06-23 23:14:37 +0000"
    },
    "done": true
  },
  "pixelmon:recipes/movement_plate": {
    "criteria": {
      "has_redstone": "2024-06-23 04:24:57 +0000"
    },
    "done": true
  },
  "pixelmon:recipes/pokeball/lid/heal_ball_lid": {
    "criteria": {
      "has_apricorn": "2024-06-23 02:26:27 +0000"
    },
    "done": true
  },
  "minecraft:recipes/building_blocks/white_wool_from_string": {
    "criteria": {
      "has_string": "2024-06-23 02:23:10 +0000"
    },
    "done": true
  },
  "minecraft:recipes/tools/clock": {
    "criteria": {
      "has_redstone": "2024-06-23 04:24:57 +0000"
    },
    "done": true
  },
  "minecraft:recipes/tools/stone_hoe": {
    "criteria": {
      "has_cobblestone": "2024-06-23 23:11:11 +0000"
    },
    "done": true
  },
  "minecraft:recipes/food/baked_potato_from_smoking": {
    "criteria": {
      "has_potato": "2024-06-23 02:15:04 +0000"
    },
    "done": true
  },
  "pixelmon:recipes/curry/toast": {
    "criteria": {
      "has_bread": "2024-06-23 02:08:33 +0000"
    },
    "done": true
  },
  "minecraft:recipes/redstone/redstone_block": {
    "criteria": {
      "has_redstone": "2024-06-23 04:24:57 +0000"
    },
    "done": true
  },
  "minecraft:recipes/building_blocks/granite_slab": {
    "criteria": {
      "has_granite": "2024-06-23 23:19:08 +0000"
    },
    "done": true
  },
  "minecraft:recipes/food/baked_potato": {
    "criteria": {
      "has_potato": "2024-06-23 02:15:04 +0000"
    },
    "done": true
  },
  "minecraft:recipes/misc/iron_nugget_from_smelting": {
    "criteria": {
      "has_iron_axe": "2024-06-23 23:14:47 +0000"
    },
    "done": true
  },
  "pixelmon:recipes/decor/household_items/box": {
    "criteria": {
      "has_paper": "2024-06-23 02:08:33 +0000"
    },
    "done": true
  },
  "minecraft:recipes/food/cooked_mutton_from_smoking": {
    "criteria": {
      "has_mutton": "2024-06-23 02:37:21 +0000"
    },
    "done": true
  },
  "pixelmon:recipes/machines/infuser": {
    "criteria": {
      "has_furnace": "2024-06-23 23:14:05 +0000"
    },
    "done": true
  },
  "minecraft:recipes/decorations/granite_wall_from_granite_stonecutting": {
    "criteria": {
      "has_granite": "2024-06-23 23:19:08 +0000"
    },
    "done": true
  },
  "minecraft:recipes/decorations/chain": {
    "criteria": {
      "has_iron_ingot": "2024-06-23 23:14:37 +0000"
    },
    "done": true
  },
  "pixelmon:recipes/pokeball/lid/wing_ball_lid": {
    "criteria": {
      "has_tumblestone": "2024-06-23 23:06:33 +0000"
    },
    "done": true
  },
  "minecraft:story/upgrade_tools": {
    "criteria": {
      "stone_pickaxe": "2024-06-23 23:11:24 +0000"
    },
    "done": true
  },
  "securitycraft:recipes/securitycraft/reinforced_warped_fence_gate": {
    "criteria": {
      "has_stick": "2024-06-23 23:10:51 +0000"
    },
    "done": true
  },
  "minecraft:recipes/building_blocks/polished_granite_stairs_from_granite_stonecutting": {
    "criteria": {
      "has_granite": "2024-06-23 23:19:08 +0000"
    },
    "done": true
  },
  "pixelmon:recipes/lures/lure_type_weak": {
    "criteria": {
      "has_case_recipe": "2024-06-23 23:14:37 +0000"
    },
    "done": true
  },
  "minecraft:recipes/decorations/oak_fence": {
    "criteria": {
      "has_planks": "2024-06-23 04:26:18 +0000"
    },
    "done": true
  },
  "minecraft:recipes/transportation/oak_boat": {
    "criteria": {
      "in_water": "2024-06-23 02:09:14 +0000"
    },
    "done": true
  },
  "securitycraft:recipes/securitycraft/universal_block_modifier": {
    "criteria": {
      "has_redstone": "2024-06-23 04:24:57 +0000"
    },
    "done": true
  },
  "minecraft:recipes/food/baked_potato_from_campfire_cooking": {
    "criteria": {
      "has_potato": "2024-06-23 02:15:04 +0000"
    },
    "done": true
  },
  "minecraft:recipes/food/cooked_porkchop": {
    "criteria": {
      "has_porkchop": "2024-06-23 02:22:47 +0000"
    },
    "done": true
  },
  "minecraft:recipes/building_blocks/oak_slab": {
    "criteria": {
      "has_planks": "2024-06-23 04:26:18 +0000"
    },
    "done": true
  },
  "securitycraft:recipes/securitycraft/reinforced_crimson_fence": {
    "criteria": {
      "has_stick": "2024-06-23 23:10:51 +0000"
    },
    "done": true
  },
  "pixelmon:recipes/curry/potato_pack": {
    "criteria": {
      "has_potato": "2024-06-23 02:15:04 +0000"
    },
    "done": true
  },
  "securitycraft:recipes/securitycraft/claymore": {
    "criteria": {
      "has_redstone": "2024-06-23 04:24:57 +0000"
    },
    "done": true
  },
  "minecraft:recipes/food/cooked_porkchop_from_campfire_cooking": {
    "criteria": {
      "has_porkchop": "2024-06-23 02:22:47 +0000"
    },
    "done": true
  },
  "pixelmon:recipes/equipment/curry_dex": {
    "criteria": {
      "has_curry_ingredient": "2024-06-23 02:22:48 +0000"
    },
    "done": true
  },
  "pixelmon:recipes/machines/trade_machine/trade_holder_left": {
    "criteria": {
      "has_poke_ball": "2024-06-23 02:07:37 +0000"
    },
    "done": true
  },
  "minecraft:recipes/tools/wooden_axe": {
    "criteria": {
      "has_stick": "2024-06-23 23:10:51 +0000"
    },
    "done": true
  },
  "minecraft:recipes/building_blocks/granite_stairs": {
    "criteria": {
      "has_granite": "2024-06-23 23:19:08 +0000"
    },
    "done": true
  },
  "pixelmon:recipes/infuser/medicine/skitty_smoothie": {
    "criteria": {
      "has_berry": "2024-06-23 02:22:21 +0000"
    },
    "done": true
  },
  "securitycraft:recipes/securitycraft/keycard_lv2": {
    "criteria": {
      "has_iron": "2024-06-23 23:14:37 +0000"
    },
    "done": true
  },
  "securitycraft:recipes/securitycraft/keycard_lv1": {
    "criteria": {
      "has_iron": "2024-06-23 23:14:37 +0000"
    },
    "done": true
  },
  "minecraft:recipes/misc/paper": {
    "criteria": {
      "has_reeds": "2024-06-23 02:35:20 +0000"
    },
    "done": true
  },
  "pixelmon:recipes/pokeball/base/platinum_base": {
    "criteria": {
      "has_ingot": "2024-06-23 02:07:37 +0000"
    },
    "done": true
  },
  "minecraft:recipes/food/cooked_salmon_from_smoking": {
    "criteria": {
      "has_salmon": "2024-06-23 02:38:01 +0000"
    },
    "done": true
  },
  "minecraft:recipes/decorations/loom": {
    "criteria": {
      "has_string": "2024-06-23 02:23:10 +0000"
    },
    "done": true
  },
  "securitycraft:recipes/securitycraft/bouncing_betty": {
    "criteria": {
      "has_iron": "2024-06-23 23:14:37 +0000"
    },
    "done": true
  },
  "pixelmon:recipes/pokeball/lid/repeat_ball_lid": {
    "criteria": {
      "has_poke_ball": "2024-06-23 02:37:28 +0000"
    },
    "done": true
  },
  "minecraft:recipes/building_blocks/diorite_stairs_from_diorite_stonecutting": {
    "criteria": {
      "has_diorite": "2024-06-23 23:20:54 +0000"
    },
    "done": true
  },
  "securitycraft:recipes/securitycraft/universal_key_changer": {
    "criteria": {
      "has_redstone": "2024-06-23 04:24:57 +0000"
    },
    "done": true
  },
  "minecraft:recipes/building_blocks/iron_block": {
    "criteria": {
      "has_iron_ingot": "2024-06-23 23:14:37 +0000"
    },
    "done": true
  },
  "pixelmon:recipes/pokeball/lid/ancient_heavy_ball_lid": {
    "criteria": {
      "has_ingot": "2024-06-23 23:14:37 +0000"
    },
    "done": true
  },
  "pixelmon:wild_battle_victories/wild_battle_victory_trigger": {
    "criteria": {
      "wild_battle_victory_trigger": "2024-06-23 02:21:23 +0000"
    },
    "done": true
  },
  "pixelmon:recipes/pokeball/lid/lure_ball_lid": {
    "criteria": {
      "has_poke_ball": "2024-06-23 02:37:28 +0000"
    },
    "done": true
  },
  "securitycraft:recipes/securitycraft/sc_manual": {
    "criteria": {
      "has_wood": "2024-06-23 04:26:16 +0000"
    },
    "done": true
  },
  "securitycraft:recipes/securitycraft/keycard_lv4": {
    "criteria": {
      "has_iron": "2024-06-23 23:14:37 +0000"
    },
    "done": true
  },
  "securitycraft:recipes/securitycraft/keycard_lv3": {
    "criteria": {
      "has_iron": "2024-06-23 23:14:37 +0000"
    },
    "done": true
  },
  "minecraft:recipes/combat/arrow": {
    "criteria": {
      "has_feather": "2024-06-23 02:33:15 +0000"
    },
    "done": true
  },
  "minecraft:recipes/building_blocks/andesite_slab_from_andesite_stonecutting": {
    "criteria": {
      "has_andesite": "2024-06-23 23:21:05 +0000"
    },
    "done": true
  },
  "securitycraft:recipes/securitycraft/keycard_lv5": {
    "criteria": {
      "has_iron": "2024-06-23 23:14:37 +0000"
    },
    "done": true
  },
  "minecraft:recipes/building_blocks/coal_block": {
    "criteria": {
      "has_coal": "2024-06-23 23:11:33 +0000"
    },
    "done": true
  },
  "securitycraft:recipes/securitycraft/reinforced_birch_fence": {
    "criteria": {
      "has_stick": "2024-06-23 23:10:51 +0000"
    },
    "done": true
  },
  "securitycraft:recipes/securitycraft/username_logger": {
    "criteria": {
      "has_redstone": "2024-06-23 04:24:57 +0000"
    },
    "done": true
  },
  "pixelmon:recipes/pokeball/lid/quick_ball_lid": {
    "criteria": {
      "has_poke_ball": "2024-06-23 02:37:28 +0000"
    },
    "done": true
  },
  "pixelmon:recipes/infuser/juice/colorful_juice": {
    "criteria": {
      "has_juice_berry_1": "2024-06-23 02:08:13 +0000"
    },
    "done": true
  },
  "minecraft:recipes/combat/wooden_sword": {
    "criteria": {
      "has_stick": "2024-06-23 23:10:51 +0000"
    },
    "done": true
  },
  "minecraft:recipes/tools/stone_shovel": {
    "criteria": {
      "has_cobblestone": "2024-06-23 23:11:11 +0000"
    },
    "done": true
  },
  "pixelmon:recipes/lures/lure_shiny_weak": {
    "criteria": {
      "has_case_recipe": "2024-06-23 23:14:37 +0000"
    },
    "done": true
  },
  "minecraft:recipes/building_blocks/oak_planks": {
    "criteria": {
      "has_logs": "2024-06-23 04:26:16 +0000"
    },
    "done": true
  },
  "securitycraft:recipes/securitycraft/reinforced_jungle_fence_gate": {
    "criteria": {
      "has_stick": "2024-06-23 23:10:51 +0000"
    },
    "done": true
  },
  "pixelmon:recipes/pokeball/lid/heavy_ball_lid": {
    "criteria": {
      "has_poke_ball": "2024-06-23 02:37:28 +0000"
    },
    "done": true
  },
  "securitycraft:recipes/securitycraft/cage_trap": {
    "criteria": {
      "has_redstone": "2024-06-23 04:24:57 +0000"
    },
    "done": true
  },
  "minecraft:recipes/building_blocks/diorite_stairs": {
    "criteria": {
      "has_diorite": "2024-06-23 23:20:54 +0000"
    },
    "done": true
  },
  "pixelmon:recipes/stick_plate": {
    "criteria": {
      "has_redstone": "2024-06-23 04:24:57 +0000"
    },
    "done": true
  },
  "minecraft:recipes/building_blocks/granite_slab_from_granite_stonecutting": {
    "criteria": {
      "has_granite": "2024-06-23 23:19:08 +0000"
    },
    "done": true
  },
  "securitycraft:recipes/securitycraft/universal_block_reinforcer_lvl2": {
    "criteria": {
      "has_redstone": "2024-06-23 04:24:57 +0000"
    },
    "done": true
  },
  "pixelmon:recipes/decor/household_items/mug_ball": {
    "criteria": {
      "has_poke_ball": "2024-06-23 02:07:37 +0000"
    },
    "done": true
  },
  "securitycraft:recipes/securitycraft/universal_block_reinforcer_lvl1": {
    "criteria": {
      "has_redstone": "2024-06-23 04:24:57 +0000"
    },
    "done": true
  },
  "securitycraft:recipes/securitycraft/reinforced_andesite": {
    "criteria": {
      "has_cobblestone": "2024-06-23 23:11:11 +0000"
    },
    "done": true
  },
  "securitycraft:recipes/securitycraft/smart_module": {
    "criteria": {
      "has_iron": "2024-06-23 23:14:37 +0000"
    },
    "done": true
  },
  "minecraft:recipes/building_blocks/bookshelf": {
    "criteria": {
      "has_book": "2024-06-23 02:15:04 +0000"
    },
    "done": true
  },
  "securitycraft:recipes/securitycraft/universal_block_reinforcer_lvl3": {
    "criteria": {
      "has_redstone": "2024-06-23 04:24:57 +0000"
    },
    "done": true
  },
  "pixelmon:recipes/pokeball/lid/luxury_ball_lid": {
    "criteria": {
      "has_poke_ball": "2024-06-23 02:37:28 +0000"
    },
    "done": true
  },
  "pixelmon:recipes/pokeball/lid/moon_ball_lid": {
    "criteria": {
      "has_poke_ball": "2024-06-23 02:37:28 +0000"
    },
    "done": true
  },
  "pixelmon:recipes/infuser/juice/green_juice": {
    "criteria": {
      "has_green_juice_berry_1": "2024-06-23 02:08:13 +0000"
    },
    "done": true
  },
  "securitycraft:recipes/securitycraft/block_change_detector": {
    "criteria": {
      "has_iron": "2024-06-23 23:14:37 +0000"
    },
    "done": true
  },
  "minecraft:recipes/tools/iron_axe": {
    "criteria": {
      "has_iron_ingot": "2024-06-23 23:14:37 +0000"
    },
    "done": true
  },
  "minecraft:recipes/building_blocks/andesite": {
    "criteria": {
      "has_stone": "2024-06-23 23:20:54 +0000"
    },
    "done": true
  },
  "pixelmon:recipes/decor/household_items/end_table": {
    "criteria": {
      "has_crafting_table": "2024-06-23 04:26:20 +0000"
    },
    "done": true
  },
  "securitycraft:recipes/securitycraft/floor_trap": {
    "criteria": {
      "has_iron": "2024-06-23 23:14:37 +0000"
    },
    "done": true
  },
  "minecraft:recipes/redstone/tripwire_hook": {
    "criteria": {
      "has_string": "2024-06-23 02:23:10 +0000"
    },
    "done": true
  },
  "minecraft:recipes/redstone/oak_pressure_plate": {
    "criteria": {
      "has_planks": "2024-06-23 04:26:18 +0000"
    },
    "done": true
  },
  "securitycraft:recipes/securitycraft/reinforced_acacia_fence": {
    "criteria": {
      "has_stick": "2024-06-23 23:10:51 +0000"
    },
    "done": true
  },
  "pixelmon:recipes/blast_furnace/bauxite_ore": {
    "criteria": {
      "has_ore": "2024-06-23 23:24:09 +0000"
    },
    "done": true
  },
  "minecraft:recipes/combat/iron_boots": {
    "criteria": {
      "has_iron_ingot": "2024-06-23 23:14:37 +0000"
    },
    "done": true
  },
  "pixelmon:recipes/equipment/reveal_glass": {
    "criteria": {
      "has_emerald": "2024-06-23 23:06:51 +0000"
    },
    "done": true
  },
  "securitycraft:recipes/securitycraft/laser_block": {
    "criteria": {
      "has_stone": "2024-06-23 23:11:11 +0000"
    },
    "done": true
  },
  "securitycraft:recipes/securitycraft/reinforced_piston": {
    "criteria": {
      "has_redstone": "2024-06-23 04:24:57 +0000"
    },
    "done": true
  },
  "minecraft:story/iron_tools": {
    "criteria": {
      "iron_pickaxe": "2024-06-23 23:18:10 +0000"
    },
    "done": true
  },
  "pixelmon:recipes/sweet_heart": {
    "criteria": {
      "has_sugar": "2024-06-23 02:23:50 +0000"
    },
    "done": true
  },
  "minecraft:recipes/decorations/cartography_table": {
    "criteria": {
      "has_paper": "2024-06-23 02:08:33 +0000"
    },
    "done": true
  },
  "pixelmon:recipes/pokeball/lid/jet_ball_lid": {
    "criteria": {
      "has_tumblestone": "2024-06-23 23:06:33 +0000"
    },
    "done": true
  },
  "minecraft:recipes/building_blocks/oak_wood": {
    "criteria": {
      "has_log": "2024-06-23 04:26:16 +0000"
    },
    "done": true
  },
  "minecraft:recipes/food/cooked_salmon": {
    "criteria": {
      "has_salmon": "2024-06-23 02:38:01 +0000"
    },
    "done": true
  },
  "minecraft:story/root": {
    "criteria": {
      "crafting_table": "2024-06-23 04:26:20 +0000"
    },
    "done": true
  },
  "minecraft:recipes/combat/crossbow": {
    "criteria": {
      "has_string": "2024-06-23 02:23:10 +0000"
    },
    "done": true
  },
  "minecraft:recipes/redstone/dropper": {
    "criteria": {
      "has_redstone": "2024-06-23 04:24:57 +0000"
    },
    "done": true
  },
  "minecraft:recipes/combat/iron_chestplate": {
    "criteria": {
      "has_iron_ingot": "2024-06-23 23:14:37 +0000"
    },
    "done": true
  },
  "pixelmon:recipes/decor/household_items/washing_machine": {
    "criteria": {
      "has_water_bucket": "2024-06-23 23:18:12 +0000"
    },
    "done": true
  },
  "pixelmon:recipes/machines/trade_machine/trade_panel": {
    "criteria": {
      "has_poke_ball": "2024-06-23 02:07:37 +0000"
    },
    "done": true
  },
  "minecraft:recipes/food/cooked_porkchop_from_smoking": {
    "criteria": {
      "has_porkchop": "2024-06-23 02:22:47 +0000"
    },
    "done": true
  },
  "minecraft:recipes/decorations/oak_sign": {
    "criteria": {
      "has_oak_planks": "2024-06-23 04:26:18 +0000"
    },
    "done": true
  },
  "minecraft:recipes/redstone/oak_trapdoor": {
    "criteria": {
      "has_planks": "2024-06-23 04:26:18 +0000"
    },
    "done": true
  },
  "minecraft:recipes/building_blocks/granite_stairs_from_granite_stonecutting": {
    "criteria": {
      "has_granite": "2024-06-23 23:19:08 +0000"
    },
    "done": true
  },
  "minecraft:recipes/building_blocks/polished_diorite_from_diorite_stonecutting": {
    "criteria": {
      "has_diorite": "2024-06-23 23:20:54 +0000"
    },
    "done": true
  },
  "securitycraft:recipes/securitycraft/portable_tune_player": {
    "criteria": {
      "has_redstone": "2024-06-23 04:24:57 +0000"
    },
    "done": true
  },
  "minecraft:recipes/misc/iron_nugget_from_blasting": {
    "criteria": {
      "has_iron_axe": "2024-06-23 23:14:47 +0000"
    },
    "done": true
  },
  "securitycraft:recipes/securitycraft/reinforced_diorite": {
    "criteria": {
      "has_cobblestone": "2024-06-23 23:11:11 +0000"
    },
    "done": true
  },
  "pixelmon:recipes/decor/household_items/oven": {
    "criteria": {
      "has_oven": "2024-06-23 23:14:05 +0000"
    },
    "done": true
  },
  "securitycraft:recipes/securitycraft/trophy_system": {
    "criteria": {
      "has_iron": "2024-06-23 23:14:37 +0000"
    },
    "done": true
  },
  "minecraft:recipes/tools/compass": {
    "criteria": {
      "has_redstone": "2024-06-23 04:24:57 +0000"
    },
    "done": true
  },
  "securitycraft:recipes/securitycraft/camera_monitor": {
    "criteria": {
      "has_iron": "2024-06-23 23:14:37 +0000"
    },
    "done": true
  },
  "minecraft:recipes/redstone/oak_button": {
    "criteria": {
      "has_planks": "2024-06-23 04:26:18 +0000"
    },
    "done": true
  },
  "pixelmon:recipes/pokeball/base/iron_base": {
    "criteria": {
      "has_ingot": "2024-06-23 02:07:37 +0000"
    },
    "done": true
  },
  "minecraft:recipes/misc/iron_ingot": {
    "criteria": {
      "has_iron_ore": "2024-06-23 23:12:14 +0000"
    },
    "done": true
  },
  "pixelmon:recipes/pokeball/lid/timer_ball_lid": {
    "criteria": {
      "has_poke_ball": "2024-06-23 02:37:28 +0000"
    },
    "done": true
  },
  "minecraft:recipes/decorations/diorite_wall": {
    "criteria": {
      "has_diorite": "2024-06-23 23:20:54 +0000"
    },
    "done": true
  },
  "securitycraft:recipes/securitycraft/limited_use_keycard": {
    "criteria": {
      "has_iron": "2024-06-23 23:14:37 +0000"
    },
    "done": true
  },
  "pixelmon:recipes/decor/household_items/fan": {
    "criteria": {
      "has_redstone": "2024-06-23 04:24:57 +0000"
    },
    "done": true
  },
  "pixelmon:recipes/pokeball/base/wooden_base": {
    "criteria": {
      "has_slab": "2024-06-23 02:07:37 +0000"
    },
    "done": true
  },
  "minecraft:recipes/building_blocks/stone": {
    "criteria": {
      "has_cobblestone": "2024-06-23 23:11:11 +0000"
    },
    "done": true
  },
  "minecraft:recipes/building_blocks/polished_andesite": {
    "criteria": {
      "has_stone": "2024-06-23 23:21:05 +0000"
    },
    "done": true
  },
  "pixelmon:recipes/pokeball/lid/level_ball_lid": {
    "criteria": {
      "has_poke_ball": "2024-06-23 02:37:28 +0000"
    },
    "done": true
  },
  "pixelmon:recipes/pokeball/lid/ancient_poke_ball_lid": {
    "criteria": {
      "has_ingot": "2024-06-23 23:14:37 +0000"
    },
    "done": true
  },
  "minecraft:adventure/adventuring_time": {
    "criteria": {
      "minecraft:forest": "2024-06-23 02:30:59 +0000",
      "minecraft:mountains": "2024-06-23 23:01:30 +0000",
      "minecraft:taiga": "2024-06-23 23:00:08 +0000",
      "minecraft:desert_hills": "2024-06-23 02:09:00 +0000",
      "minecraft:desert": "2024-06-23 02:12:04 +0000",
      "minecraft:birch_forest": "2024-06-23 23:06:16 +0000",
      "minecraft:savanna_plateau": "2024-06-23 02:21:06 +0000",
      "minecraft:dark_forest": "2024-06-23 02:21:03 +0000",
      "minecraft:river": "2024-06-23 02:30:32 +0000",
      "minecraft:wooded_mountains": "2024-06-23 23:01:51 +0000",
      "minecraft:wooded_hills": "2024-06-23 02:31:22 +0000",
      "minecraft:savanna": "2024-06-23 02:07:24 +0000",
      "minecraft:plains": "2024-06-23 22:56:20 +0000"
    },
    "done": false
  },
  "minecraft:recipes/redstone/iron_door": {
    "criteria": {
      "has_iron_ingot": "2024-06-23 23:14:37 +0000"
    },
    "done": true
  },
  "minecraft:recipes/misc/book": {
    "criteria": {
      "has_paper": "2024-06-23 02:08:33 +0000"
    },
    "done": true
  },
  "pixelmon:recipes/infuser/juice/red_juice": {
    "criteria": {
      "has_red_juice_berry_1": "2024-06-23 02:22:21 +0000"
    },
    "done": true
  },
  "securitycraft:recipes/securitycraft/whitelist_module": {
    "criteria": {
      "has_iron": "2024-06-23 23:14:37 +0000"
    },
    "done": true
  },
  "minecraft:recipes/combat/stone_sword": {
    "criteria": {
      "has_cobblestone": "2024-06-23 23:11:11 +0000"
    },
    "done": true
  },
  "minecraft:recipes/decorations/barrel": {
    "criteria": {
      "has_planks": "2024-06-23 04:26:18 +0000"
    },
    "done": true
  },
  "minecraft:recipes/decorations/cobblestone_wall": {
    "criteria": {
      "has_cobblestone": "2024-06-23 23:11:11 +0000"
    },
    "done": true
  },
  "securitycraft:recipes/securitycraft/reinforced_warped_fence": {
    "criteria": {
      "has_stick": "2024-06-23 23:10:51 +0000"
    },
    "done": true
  },
  "minecraft:recipes/tools/stone_pickaxe": {
    "criteria": {
      "has_cobblestone": "2024-06-23 23:11:11 +0000"
    },
    "done": true
  },
  "minecraft:recipes/decorations/smithing_table": {
    "criteria": {
      "has_iron_ingot": "2024-06-23 23:14:37 +0000"
    },
    "done": true
  },
  "pixelmon:recipes/lures/lure_casing_weak": {
    "criteria": {
      "has_iron_ingot": "2024-06-23 23:14:37 +0000"
    },
    "done": true
  },
  "minecraft:recipes/redstone/oak_door": {
    "criteria": {
      "has_planks": "2024-06-23 04:26:18 +0000"
    },
    "done": true
  },
  "pixelmon:recipes/decor/household_items/fridge": {
    "criteria": {
      "has_redstone": "2024-06-23 04:24:57 +0000"
    },
    "done": true
  },
  "securitycraft:recipes/securitycraft/motion_activated_light": {
    "criteria": {
      "has_stick": "2024-06-23 23:10:51 +0000"
    },
    "done": true
  },
  "minecraft:recipes/transportation/jungle_boat": {
    "criteria": {
      "in_water": "2024-06-23 02:09:14 +0000"
    },
    "done": true
  },
  "pixelmon:recipes/equipment/old_rod": {
    "criteria": {
      "has_string": "2024-06-23 02:23:10 +0000"
    },
    "done": true
  },
  "minecraft:recipes/decorations/cobblestone_wall_from_cobblestone_stonecutting": {
    "criteria": {
      "has_cobblestone": "2024-06-23 23:11:11 +0000"
    },
    "done": true
  },
  "securitycraft:recipes/securitycraft/mine": {
    "criteria": {
      "has_iron": "2024-06-23 23:14:37 +0000"
    },
    "done": true
  },
  "pixelmon:recipes/pokeball/ball/dream_ball_new": {
    "criteria": {
      "has_dusk_ball": "2024-06-23 02:37:21 +0000"
    },
    "done": true
  },
  "pixelmon:recipes/machines/reassembly_unit": {
    "criteria": {
      "has_emerald": "2024-06-23 23:06:51 +0000"
    },
    "done": true
  },
  "pixelmon:recipes/decor/household_items/trash_can": {
    "criteria": {
      "has_bucket": "2024-06-23 23:18:10 +0000"
    },
    "done": true
  },
  "minecraft:recipes/redstone/heavy_weighted_pressure_plate": {
    "criteria": {
      "has_iron_ingot": "2024-06-23 23:14:37 +0000"
    },
    "done": true
  },
  "minecraft:recipes/transportation/dark_oak_boat": {
    "criteria": {
      "in_water": "2024-06-23 02:09:14 +0000"
    },
    "done": true
  },
  "minecraft:recipes/food/pumpkin_pie": {
    "criteria": {
      "has_pumpkin": "2024-06-23 23:04:43 +0000"
    },
    "done": true
  },
  "minecraft:recipes/decorations/andesite_wall_from_andesite_stonecutting": {
    "criteria": {
      "has_andesite": "2024-06-23 23:21:05 +0000"
    },
    "done": true
  },
  "pixelmon:recipes/pokeball/base/silver_base": {
    "criteria": {
      "has_ingot": "2024-06-23 02:07:37 +0000"
    },
    "done": true
  },
  "minecraft:recipes/building_blocks/polished_granite": {
    "criteria": {
      "has_stone": "2024-06-23 23:19:08 +0000"
    },
    "done": true
  },
  "minecraft:recipes/redstone/piston": {
    "criteria": {
      "has_redstone": "2024-06-23 04:24:57 +0000"
    },
    "done": true
  },
  "securitycraft:recipes/securitycraft/briefcase": {
    "criteria": {
      "has_iron": "2024-06-23 23:14:37 +0000"
    },
    "done": true
  },
  "minecraft:recipes/decorations/lantern": {
    "criteria": {
      "has_iron_ingot": "2024-06-23 23:14:37 +0000"
    },
    "done": true
  },
  "pixelmon:recipes/equipment/film": {
    "criteria": {
      "has_paper": "2024-06-23 02:08:33 +0000"
    },
    "done": true
  },
  "securitycraft:recipes/securitycraft/reinforced_oak_fence_gate": {
    "criteria": {
      "has_stick": "2024-06-23 23:10:51 +0000"
    },
    "done": true
  },
  "pixelmon:recipes/decor/household_items/glass_table": {
    "criteria": {
      "has_planks": "2024-06-23 04:26:18 +0000"
    },
    "done": true
  },
  "pixelmon:recipes/decor/bench/bench": {
    "criteria": {
      "has_planks": "2024-06-23 04:26:18 +0000"
    },
    "done": true
  },
  "pixelmon:recipes/decor/building_infrastructure/bridge_block": {
    "criteria": {
      "has_logs": "2024-06-23 04:26:16 +0000"
    },
    "done": true
  },
  "pixelmon:recipes/equipment/vanilla/wooden_hammer": {
    "criteria": {
      "has_planks": "2024-06-23 04:26:18 +0000"
    },
    "done": true
  },
  "pixelmon:recipes/pokeball/lid/great_ball_lid": {
    "criteria": {
      "has_apricorn": "2024-06-23 02:26:27 +0000"
    },
    "done": true
  },
  "pixelmon:recipes/equipment/item_finder": {
    "criteria": {
      "has_redstone": "2024-06-23 04:24:57 +0000"
    },
    "done": true
  },
  "pixelmon:recipes/pokeball/lid/nest_ball_lid": {
    "criteria": {
      "has_apricorn": "2024-06-23 02:26:27 +0000"
    },
    "done": true
  },
  "minecraft:recipes/building_blocks/polished_diorite": {
    "criteria": {
      "has_stone": "2024-06-23 23:20:54 +0000"
    },
    "done": true
  },
  "pixelmon:recipes/equipment/vanilla/stone_hammer": {
    "criteria": {
      "has_cobblestone": "2024-06-23 23:11:11 +0000"
    },
    "done": true
  },
  "securitycraft:recipes/securitycraft/reinforced_fence_gate": {
    "criteria": {
      "has_iron": "2024-06-23 23:14:37 +0000"
    },
    "done": true
  },
  "minecraft:recipes/decorations/andesite_wall": {
    "criteria": {
      "has_andesite": "2024-06-23 23:21:05 +0000"
    },
    "done": true
  },
  "minecraft:recipes/building_blocks/andesite_slab": {
    "criteria": {
      "has_andesite": "2024-06-23 23:21:05 +0000"
    },
    "done": true
  },
  "minecraft:recipes/decorations/soul_campfire": {
    "criteria": {
      "has_stick": "2024-06-23 23:10:51 +0000"
    },
    "done": true
  },
  "minecraft:story/smelt_iron": {
    "criteria": {
      "iron": "2024-06-23 23:14:37 +0000"
    },
    "done": true
  },
  "securitycraft:recipes/securitycraft/alarm": {
    "criteria": {
      "has_redstone": "2024-06-23 04:24:57 +0000"
    },
    "done": true
  },
  "pixelmon:recipes/pokeball/lid/dive_ball_lid": {
    "criteria": {
      "has_poke_ball": "2024-06-23 02:37:28 +0000"
    },
    "done": true
  },
  "minecraft:recipes/tools/stone_axe": {
    "criteria": {
      "has_cobblestone": "2024-06-23 23:11:11 +0000"
    },
    "done": true
  },
  "minecraft:recipes/food/cooked_mutton": {
    "criteria": {
      "has_mutton": "2024-06-23 02:37:21 +0000"
    },
    "done": true
  },
  "minecraft:recipes/misc/white_dye_from_lily_of_the_valley": {
    "criteria": {
      "has_white_flower": "2024-06-23 02:26:10 +0000"
    },
    "done": true
  },
  "securitycraft:recipes/securitycraft/disguise_module": {
    "criteria": {
      "has_iron": "2024-06-23 23:14:37 +0000"
    },
    "done": true
  },
  "pixelmon:recipes/equipment/ruby/ruby_equipment": {
    "criteria": {
      "has_ruby": "2024-06-23 23:21:19 +0000"
    },
    "done": true
  },
  "pixelmon:recipes/pokeball/lid/feather_ball_lid": {
    "criteria": {
      "has_tumblestone": "2024-06-23 23:06:33 +0000"
    },
    "done": true
  },
  "pixelmon:recipes/machines/elevator": {
    "criteria": {
      "has_ingot": "2024-06-23 23:14:37 +0000"
    },
    "done": true
  },
  "securitycraft:recipes/securitycraft/reinforced_dark_oak_fence": {
    "criteria": {
      "has_stick": "2024-06-23 23:10:51 +0000"
    },
    "done": true
  },
  "DataVersion": 2586
}