{
  "minecraft:recipes/food/cooked_mutton_from_campfire_cooking": {
    "criteria": {
      "has_mutton": "2024-06-23 03:04:34 +0000"
    },
    "done": true
  },
  "minecraft:recipes/building_blocks/purple_wool": {
    "criteria": {
      "has_white_wool": "2024-06-23 03:04:34 +0000"
    },
    "done": true
  },
  "pixelmon:recipes/decor/umbrella/lime_umbrella": {
    "criteria": {
      "has_wool": "2024-06-23 03:04:34 +0000"
    },
    "done": true
  },
  "minecraft:recipes/building_blocks/magenta_concrete_powder": {
    "criteria": {
      "has_sand": "2024-06-23 02:25:21 +0000"
    },
    "done": true
  },
  "pixelmon:recipes/decor/rug/gray_rug": {
    "criteria": {
      "has_wool": "2024-06-23 03:04:34 +0000"
    },
    "done": true
  },
  "pixelmon:recipes/decor/cushion_chair/red_cushion_chair": {
    "criteria": {
      "has_wool": "2024-06-23 03:04:34 +0000"
    },
    "done": true
  },
  "pixelmon:recipes/decor/rug/magenta_rug": {
    "criteria": {
      "has_wool": "2024-06-23 03:04:34 +0000"
    },
    "done": true
  },
  "pixelmon:recipes/pokeball/lid/ultra_ball_lid": {
    "criteria": {
      "has_apricorn": "2024-06-23 02:15:08 +0000"
    },
    "done": true
  },
  "pixelmon:recipes/decor/umbrella/brown_umbrella_dyed": {
    "criteria": {
      "has_the_recipe": "2024-06-23 03:04:34 +0000"
    },
    "done": true
  },
  "minecraft:recipes/decorations/white_bed": {
    "criteria": {
      "has_white_wool": "2024-06-23 03:04:34 +0000"
    },
    "done": true
  },
  "securitycraft:recipes/securitycraft/reinforced_spruce_fence": {
    "criteria": {
      "has_stick": "2024-06-23 02:25:00 +0000"
    },
    "done": true
  },
  "minecraft:recipes/building_blocks/lime_concrete_powder": {
    "criteria": {
      "has_sand": "2024-06-23 02:25:21 +0000"
    },
    "done": true
  },
  "minecraft:recipes/building_blocks/cut_sandstone_from_sandstone_stonecutting": {
    "criteria": {
      "has_sandstone": "2024-06-23 02:25:21 +0000"
    },
    "done": true
  },
  "minecraft:recipes/building_blocks/yellow_concrete_powder": {
    "criteria": {
      "has_sand": "2024-06-23 02:25:21 +0000"
    },
    "done": true
  },
  "pixelmon:recipes/decor/umbrella/blue_umbrella": {
    "criteria": {
      "has_wool": "2024-06-23 03:04:34 +0000"
    },
    "done": true
  },
  "pixelmon:recipes/pokeball/lid/friend_ball_lid": {
    "criteria": {
      "has_great_ball": "2024-06-23 02:15:54 +0000"
    },
    "done": true
  },
  "pixelmon:recipes/decor/umbrella/cyan_umbrella_dyed": {
    "criteria": {
      "has_the_recipe": "2024-06-23 03:04:34 +0000"
    },
    "done": true
  },
  "pixelmon:recipes/decor/cushion_chair/lime_cushion_chair": {
    "criteria": {
      "has_wool": "2024-06-23 03:04:34 +0000"
    },
    "done": true
  },
  "pixelmon:recipes/decor/umbrella/magenta_umbrella_dyed": {
    "criteria": {
      "has_the_recipe": "2024-06-23 03:04:34 +0000"
    },
    "done": true
  },
  "minecraft:recipes/decorations/campfire": {
    "criteria": {
      "has_stick": "2024-06-23 02:25:00 +0000"
    },
    "done": true
  },
  "minecraft:recipes/building_blocks/magenta_wool": {
    "criteria": {
      "has_white_wool": "2024-06-23 03:04:34 +0000"
    },
    "done": true
  },
  "pixelmon:recipes/decor/umbrella/yellow_umbrella_dyed": {
    "criteria": {
      "has_the_recipe": "2024-06-23 03:04:34 +0000"
    },
    "done": true
  },
  "pixelmon:specs/eeveelution_capture_all": {
    "criteria": {
      "0": "2024-06-23 03:30:38 +0000",
      "1": "2024-06-23 03:30:38 +0000",
      "2": "2024-06-23 03:30:38 +0000",
      "3": "2024-06-23 03:30:38 +0000",
      "4": "2024-06-23 03:30:38 +0000",
      "5": "2024-06-23 03:30:38 +0000",
      "6": "2024-06-23 03:30:38 +0000",
      "7": "2024-06-23 03:30:38 +0000",
      "8": "2024-06-23 03:30:38 +0000"
    },
    "done": true
  },
  "pixelmon:recipes/pokeball/lid/net_ball_lid": {
    "criteria": {
      "has_great_ball": "2024-06-23 02:15:54 +0000"
    },
    "done": true
  },
  "minecraft:recipes/decorations/ladder": {
    "criteria": {
      "has_stick": "2024-06-23 02:25:00 +0000"
    },
    "done": true
  },
  "pixelmon:recipes/lures/lure_type_strong": {
    "criteria": {
      "has_case_recipe": "2024-06-23 16:57:36 +0000"
    },
    "done": true
  },
  "minecraft:recipes/decorations/chest": {
    "criteria": {
      "has_lots_of_items": "2024-06-23 02:12:47 +0000"
    },
    "done": true
  },
  "pixelmon:recipes/decor/umbrella/white_umbrella": {
    "criteria": {
      "has_wool": "2024-06-23 03:04:34 +0000"
    },
    "done": true
  },
  "minecraft:recipes/building_blocks/brown_concrete_powder": {
    "criteria": {
      "has_sand": "2024-06-23 02:25:21 +0000"
    },
    "done": true
  },
  "pixelmon:recipes/decor/umbrella/light_gray_umbrella": {
    "criteria": {
      "has_wool": "2024-06-23 03:04:34 +0000"
    },
    "done": true
  },
  "pixelmon:recipes/decor/umbrella/cyan_umbrella": {
    "criteria": {
      "has_wool": "2024-06-23 03:04:34 +0000"
    },
    "done": true
  },
  "minecraft:recipes/tools/wooden_shovel": {
    "criteria": {
      "has_stick": "2024-06-23 02:25:00 +0000"
    },
    "done": true
  },
  "minecraft:recipes/building_blocks/cyan_wool": {
    "criteria": {
      "has_white_wool": "2024-06-23 03:04:34 +0000"
    },
    "done": true
  },
  "pixelmon:specs/clobbopus_jump_capture_all": {
    "criteria": {
      "0": "2024-06-23 03:30:38 +0000"
    },
    "done": false
  },
  "pixelmon:recipes/decor/terrain/poke_dirt": {
    "criteria": {
      "has_dirt": "2024-06-23 02:27:16 +0000"
    },
    "done": true
  },
  "minecraft:recipes/transportation/spruce_boat": {
    "criteria": {
      "in_water": "2024-06-23 02:10:45 +0000"
    },
    "done": true
  },
  "securitycraft:recipes/securitycraft/reinforced_oak_fence": {
    "criteria": {
      "has_stick": "2024-06-23 02:25:00 +0000"
    },
    "done": true
  },
  "pixelmon:recipes/pokeball/lid/premier_ball_lid": {
    "criteria": {
      "has_poke_ball": "2024-06-23 02:49:24 +0000"
    },
    "done": true
  },
  "pixelmon:recipes/decor/umbrella/red_umbrella_dyed": {
    "criteria": {
      "has_the_recipe": "2024-06-23 03:04:34 +0000"
    },
    "done": true
  },
  "minecraft:recipes/tools/flint_and_steel": {
    "criteria": {
      "has_flint": "2024-06-23 02:25:36 +0000"
    },
    "done": true
  },
  "minecraft:recipes/misc/red_dye_from_beetroot": {
    "criteria": {
      "has_beetroot": "2024-06-23 02:12:47 +0000"
    },
    "done": true
  },
  "pixelmon:recipes/decor/umbrella/white_umbrella_dyed": {
    "criteria": {
      "has_the_recipe": "2024-06-23 03:04:34 +0000"
    },
    "done": true
  },
  "pixelmon:recipes/pokeball/lid/dusk_ball_lid": {
    "criteria": {
      "has_great_ball": "2024-06-23 02:15:54 +0000"
    },
    "done": true
  },
  "pixelmon:recipes/pokeball/lid/safari_ball_lid": {
    "criteria": {
      "has_great_ball": "2024-06-23 02:15:54 +0000"
    },
    "done": true
  },
  "pixelmon:recipes/decor/rug/brown_rug": {
    "criteria": {
      "has_wool": "2024-06-23 03:04:34 +0000"
    },
    "done": true
  },
  "minecraft:recipes/building_blocks/gray_wool": {
    "criteria": {
      "has_white_wool": "2024-06-23 03:04:34 +0000"
    },
    "done": true
  },
  "minecraft:recipes/building_blocks/polished_granite_from_granite_stonecutting": {
    "criteria": {
      "has_granite": "2024-06-23 03:32:14 +0000"
    },
    "done": true
  },
  "pixelmon:recipes/pokeball/lid/poke_ball_lid": {
    "criteria": {
      "has_apricorn": "2024-06-23 02:15:08 +0000"
    },
    "done": true
  },
  "securitycraft:recipes/securitycraft/reinforced_dark_oak_fence_gate": {
    "criteria": {
      "has_stick": "2024-06-23 02:25:00 +0000"
    },
    "done": true
  },
  "minecraft:recipes/building_blocks/sandstone_stairs": {
    "criteria": {
      "has_sandstone": "2024-06-23 02:25:21 +0000"
    },
    "done": true
  },
  "minecraft:husbandry/balanced_diet": {
    "criteria": {
      "beef": "2024-06-23 04:16:22 +0000",
      "apple": "2024-06-23 02:15:38 +0000",
      "potato": "2024-06-23 02:31:23 +0000",
      "bread": "2024-06-23 02:18:10 +0000",
      "salmon": "2024-06-23 16:58:43 +0000",
      "beetroot": "2024-06-23 02:12:50 +0000",
      "cod": "2024-06-23 02:29:13 +0000",
      "carrot": "2024-06-23 04:04:00 +0000"
    },
    "done": false
  },
  "pixelmon:recipes/pokeball/lid/fast_ball_lid": {
    "criteria": {
      "has_great_ball": "2024-06-23 02:15:54 +0000"
    },
    "done": true
  },
  "minecraft:recipes/tools/wooden_hoe": {
    "criteria": {
      "has_stick": "2024-06-23 02:25:00 +0000"
    },
    "done": true
  },
  "pixelmon:recipes/decor/umbrella/orange_umbrella_dyed": {
    "criteria": {
      "has_the_recipe": "2024-06-23 03:04:34 +0000"
    },
    "done": true
  },
  "minecraft:recipes/food/cooked_cod": {
    "criteria": {
      "has_cod": "2024-06-23 02:28:28 +0000"
    },
    "done": true
  },
  "pixelmon:pokedex/pokedex_trigger": {
    "criteria": {
      "pokedex_base": "2024-06-23 02:09:18 +0000"
    },
    "done": true
  },
  "pixelmon:recipes/decor/umbrella/red_umbrella": {
    "criteria": {
      "has_wool": "2024-06-23 03:04:34 +0000"
    },
    "done": true
  },
  "pixelmon:recipes/decor/sand/poke_sand": {
    "criteria": {
      "has_sandstone": "2024-06-23 02:25:21 +0000"
    },
    "done": true
  },
  "minecraft:recipes/building_blocks/chiseled_sandstone_from_sandstone_stonecutting": {
    "criteria": {
      "has_sandstone": "2024-06-23 02:25:21 +0000"
    },
    "done": true
  },
  "pixelmon:recipes/pokeball/ball/dusk_ball": {
    "criteria": {
      "has_poke_ball_lid": "2024-06-23 02:38:24 +0000"
    },
    "done": true
  },
  "minecraft:recipes/building_blocks/coarse_dirt": {
    "criteria": {
      "has_gravel": "2024-06-23 02:25:36 +0000"
    },
    "done": true
  },
  "pixelmon:recipes/pokeball/lid/sport_ball_lid": {
    "criteria": {
      "has_great_ball": "2024-06-23 02:15:54 +0000"
    },
    "done": true
  },
  "minecraft:recipes/decorations/granite_wall": {
    "criteria": {
      "has_granite": "2024-06-23 03:32:14 +0000"
    },
    "done": true
  },
  "pixelmon:recipes/decor/umbrella/magenta_umbrella": {
    "criteria": {
      "has_wool": "2024-06-23 03:04:34 +0000"
    },
    "done": true
  },
  "pixelmon:recipes/decor/rug/black_rug": {
    "criteria": {
      "has_wool": "2024-06-23 03:04:34 +0000"
    },
    "done": true
  },
  "pixelmon:recipes/decor/rug/yellow_rug": {
    "criteria": {
      "has_wool": "2024-06-23 03:04:34 +0000"
    },
    "done": true
  },
  "minecraft:recipes/decorations/white_banner": {
    "criteria": {
      "has_white_wool": "2024-06-23 03:04:34 +0000"
    },
    "done": true
  },
  "minecraft:recipes/building_blocks/light_gray_concrete_powder": {
    "criteria": {
      "has_sand": "2024-06-23 02:25:21 +0000"
    },
    "done": true
  },
  "minecraft:recipes/building_blocks/light_blue_concrete_powder": {
    "criteria": {
      "has_sand": "2024-06-23 02:25:21 +0000"
    },
    "done": true
  },
  "securitycraft:recipes/securitycraft/reinforced_spruce_fence_gate": {
    "criteria": {
      "has_stick": "2024-06-23 02:25:00 +0000"
    },
    "done": true
  },
  "pixelmon:recipes/curry/brittle_bones": {
    "criteria": {
      "has_bone": "2024-06-23 02:29:01 +0000"
    },
    "done": true
  },
  "pixelmon:recipes/equipment/crystal/crystal_equipment": {
    "criteria": {
      "has_crystal": "2024-06-23 16:57:36 +0000"
    },
    "done": true
  },
  "securitycraft:recipes/securitycraft/keypad_item": {
    "criteria": {
      "has_stone_button": "2024-06-23 02:37:09 +0000"
    },
    "done": true
  },
  "pixelmon:recipes/pokeball/lid/love_ball_lid": {
    "criteria": {
      "has_great_ball": "2024-06-23 02:15:54 +0000"
    },
    "done": true
  },
  "minecraft:recipes/building_blocks/glass": {
    "criteria": {
      "has_sand": "2024-06-23 02:25:21 +0000"
    },
    "done": true
  },
  "pixelmon:recipes/decor/rug/blue_rug": {
    "criteria": {
      "has_wool": "2024-06-23 03:04:34 +0000"
    },
    "done": true
  },
  "minecraft:recipes/building_blocks/pink_concrete_powder": {
    "criteria": {
      "has_sand": "2024-06-23 02:25:21 +0000"
    },
    "done": true
  },
  "pixelmon:recipes/infuser/juice/yellow_juice": {
    "criteria": {
      "has_yellow_juice_berry_3": "2024-06-23 16:57:25 +0000"
    },
    "done": true
  },
  "minecraft:recipes/building_blocks/sandstone_slab": {
    "criteria": {
      "has_sandstone": "2024-06-23 02:25:21 +0000"
    },
    "done": true
  },
  "pixelmon:recipes/lures/lure_ha_weak": {
    "criteria": {
      "has_case_recipe": "2024-06-23 16:57:36 +0000"
    },
    "done": true
  },
  "minecraft:recipes/building_blocks/smooth_sandstone": {
    "criteria": {
      "has_sandstone": "2024-06-23 02:25:21 +0000"
    },
    "done": true
  },
  "pixelmon:recipes/machines/trade_machine/trade_holder_right": {
    "criteria": {
      "has_poke_ball": "2024-06-23 02:15:54 +0000"
    },
    "done": true
  },
  "pixelmon:recipes/pokeball/base/aluminum_base": {
    "criteria": {
      "has_ingot": "2024-06-23 02:09:35 +0000"
    },
    "done": true
  },
  "minecraft:recipes/building_blocks/cut_sandstone_slab_from_cut_sandstone_stonecutting": {
    "criteria": {
      "has_cut_sandstone": "2024-06-23 02:25:21 +0000"
    },
    "done": true
  },
  "minecraft:recipes/building_blocks/purple_concrete_powder": {
    "criteria": {
      "has_sand": "2024-06-23 02:25:21 +0000"
    },
    "done": true
  },
  "pixelmon:recipes/furnace/green_apricorn": {
    "criteria": {
      "has_apricorn": "2024-06-23 02:15:08 +0000"
    },
    "done": true
  },
  "pixelmon:recipes/decor/cushion_chair/green_cushion_chair": {
    "criteria": {
      "has_wool": "2024-06-23 03:04:34 +0000"
    },
    "done": true
  },
  "pixelmon:recipes/decor/umbrella/light_gray_umbrella_dyed": {
    "criteria": {
      "has_the_recipe": "2024-06-23 03:04:34 +0000"
    },
    "done": true
  },
  "pixelmon:recipes/decor/cushion_chair/cyan_cushion_chair": {
    "criteria": {
      "has_wool": "2024-06-23 03:04:34 +0000"
    },
    "done": true
  },
  "pixelmon:recipes/decor/umbrella/gray_umbrella": {
    "criteria": {
      "has_wool": "2024-06-23 03:04:34 +0000"
    },
    "done": true
  },
  "securitycraft:recipes/securitycraft/reinforced_crimson_fence_gate": {
    "criteria": {
      "has_stick": "2024-06-23 02:25:00 +0000"
    },
    "done": true
  },
  "minecraft:recipes/building_blocks/blue_wool": {
    "criteria": {
      "has_white_wool": "2024-06-23 03:04:34 +0000"
    },
    "done": true
  },
  "securitycraft:recipes/securitycraft/reinforced_birch_fence_gate": {
    "criteria": {
      "has_stick": "2024-06-23 02:25:00 +0000"
    },
    "done": true
  },
  "pixelmon:recipes/decor/umbrella/yellow_umbrella": {
    "criteria": {
      "has_wool": "2024-06-23 03:04:34 +0000"
    },
    "done": true
  },
  "pixelmon:recipes/decor/armchair/white_armchair": {
    "criteria": {
      "has_wool": "2024-06-23 03:04:34 +0000"
    },
    "done": true
  },
  "pixelmon:recipes/decor/household_items/item_frame": {
    "criteria": {
      "has_painting": "2024-06-23 02:11:21 +0000"
    },
    "done": true
  },
  "pixelmon:recipes/decor/rug/orange_rug": {
    "criteria": {
      "has_wool": "2024-06-23 03:04:34 +0000"
    },
    "done": true
  },
  "minecraft:recipes/food/beetroot_soup": {
    "criteria": {
      "has_beetroot": "2024-06-23 02:12:47 +0000"
    },
    "done": true
  },
  "securitycraft:recipes/securitycraft/reinforced_acacia_fence_gate": {
    "criteria": {
      "has_stick": "2024-06-23 02:25:00 +0000"
    },
    "done": true
  },
  "pixelmon:recipes/machines/trade_machine/trade_monitor": {
    "criteria": {
      "has_poke_ball": "2024-06-23 02:15:54 +0000"
    },
    "done": true
  },
  "securitycraft:recipes/securitycraft/reinforced_jungle_fence": {
    "criteria": {
      "has_stick": "2024-06-23 02:25:00 +0000"
    },
    "done": true
  },
  "minecraft:adventure/sleep_in_bed": {
    "criteria": {
      "slept_in_bed": "2024-06-23 02:13:22 +0000"
    },
    "done": true
  },
  "minecraft:recipes/building_blocks/sandstone": {
    "criteria": {
      "has_sand": "2024-06-23 02:25:21 +0000"
    },
    "done": true
  },
  "minecraft:recipes/misc/charcoal": {
    "criteria": {
      "has_log": "2024-06-23 17:00:21 +0000"
    },
    "done": true
  },
  "minecraft:recipes/building_blocks/orange_wool": {
    "criteria": {
      "has_white_wool": "2024-06-23 03:04:34 +0000"
    },
    "done": true
  },
  "minecraft:recipes/tools/wooden_pickaxe": {
    "criteria": {
      "has_stick": "2024-06-23 02:25:00 +0000"
    },
    "done": true
  },
  "pixelmon:recipes/decor/folding_chair/white_folding_chair": {
    "criteria": {
      "has_wool": "2024-06-23 03:04:34 +0000"
    },
    "done": true
  },
  "pixelmon:recipes/decor/rug/white_rug": {
    "criteria": {
      "has_wool": "2024-06-23 03:04:34 +0000"
    },
    "done": true
  },
  "minecraft:husbandry/root": {
    "criteria": {
      "consumed_item": "2024-06-23 02:12:50 +0000"
    },
    "done": true
  },
  "minecraft:recipes/transportation/birch_boat": {
    "criteria": {
      "in_water": "2024-06-23 02:10:45 +0000"
    },
    "done": true
  },
  "securitycraft:recipes/securitycraft/sonic_security_system": {
    "criteria": {
      "has_stick": "2024-06-23 02:25:00 +0000"
    },
    "done": true
  },
  "minecraft:recipes/building_blocks/polished_granite_slab_from_granite_stonecutting": {
    "criteria": {
      "has_granite": "2024-06-23 03:32:14 +0000"
    },
    "done": true
  },
  "minecraft:recipes/building_blocks/green_concrete_powder": {
    "criteria": {
      "has_sand": "2024-06-23 02:25:21 +0000"
    },
    "done": true
  },
  "pixelmon:recipes/decor/umbrella/pink_umbrella_dyed": {
    "criteria": {
      "has_the_recipe": "2024-06-23 03:04:34 +0000"
    },
    "done": true
  },
  "pixelmon:recipes/decor/rug/purple_rug": {
    "criteria": {
      "has_wool": "2024-06-23 03:04:34 +0000"
    },
    "done": true
  },
  "minecraft:recipes/transportation/acacia_boat": {
    "criteria": {
      "in_water": "2024-06-23 02:10:45 +0000"
    },
    "done": true
  },
  "pixelmon:recipes/lures/lure_casing_strong": {
    "criteria": {
      "has_crystal": "2024-06-23 16:57:36 +0000"
    },
    "done": true
  },
  "pixelmon:recipes/decor/rug/cyan_rug": {
    "criteria": {
      "has_wool": "2024-06-23 03:04:34 +0000"
    },
    "done": true
  },
  "minecraft:recipes/food/cooked_salmon_from_campfire_cooking": {
    "criteria": {
      "has_salmon": "2024-06-23 16:58:37 +0000"
    },
    "done": true
  },
  "pixelmon:balls/quick_ball_capture": {
    "criteria": {
      "quick_ball_capture": "2024-06-23 03:30:38 +0000"
    },
    "done": true
  },
  "minecraft:recipes/building_blocks/white_concrete_powder": {
    "criteria": {
      "has_sand": "2024-06-23 02:25:21 +0000"
    },
    "done": true
  },
  "pixelmon:recipes/pokeball/lid/heal_ball_lid": {
    "criteria": {
      "has_apricorn": "2024-06-23 02:15:08 +0000"
    },
    "done": true
  },
  "minecraft:recipes/food/baked_potato_from_smoking": {
    "criteria": {
      "has_potato": "2024-06-23 02:11:18 +0000"
    },
    "done": true
  },
  "pixelmon:recipes/decor/rug/lime_rug": {
    "criteria": {
      "has_wool": "2024-06-23 03:04:34 +0000"
    },
    "done": true
  },
  "pixelmon:recipes/decor/umbrella/purple_umbrella_dyed": {
    "criteria": {
      "has_the_recipe": "2024-06-23 03:04:34 +0000"
    },
    "done": true
  },
  "pixelmon:recipes/decor/umbrella/black_umbrella": {
    "criteria": {
      "has_wool": "2024-06-23 03:04:34 +0000"
    },
    "done": true
  },
  "pixelmon:recipes/curry/toast": {
    "criteria": {
      "has_bread": "2024-06-23 02:11:13 +0000"
    },
    "done": true
  },
  "pixelmon:recipes/decor/cushion_chair/purple_cushion_chair": {
    "criteria": {
      "has_wool": "2024-06-23 03:04:34 +0000"
    },
    "done": true
  },
  "minecraft:recipes/building_blocks/granite_slab": {
    "criteria": {
      "has_granite": "2024-06-23 03:32:14 +0000"
    },
    "done": true
  },
  "minecraft:recipes/food/baked_potato": {
    "criteria": {
      "has_potato": "2024-06-23 02:11:18 +0000"
    },
    "done": true
  },
  "minecraft:recipes/food/cooked_beef_from_smoking": {
    "criteria": {
      "has_beef": "2024-06-23 04:16:19 +0000"
    },
    "done": true
  },
  "minecraft:recipes/decorations/fletching_table": {
    "criteria": {
      "has_flint": "2024-06-23 02:25:36 +0000"
    },
    "done": true
  },
  "pixelmon:recipes/decor/rug/light_gray_rug": {
    "criteria": {
      "has_wool": "2024-06-23 03:04:34 +0000"
    },
    "done": true
  },
  "minecraft:recipes/decorations/white_carpet": {
    "criteria": {
      "has_white_wool": "2024-06-23 03:04:34 +0000"
    },
    "done": true
  },
  "pixelmon:recipes/decor/umbrella/light_blue_umbrella": {
    "criteria": {
      "has_wool": "2024-06-23 03:04:34 +0000"
    },
    "done": true
  },
  "minecraft:recipes/food/cooked_mutton_from_smoking": {
    "criteria": {
      "has_mutton": "2024-06-23 03:04:34 +0000"
    },
    "done": true
  },
  "pixelmon:recipes/decor/umbrella/brown_umbrella": {
    "criteria": {
      "has_wool": "2024-06-23 03:04:34 +0000"
    },
    "done": true
  },
  "minecraft:recipes/decorations/granite_wall_from_granite_stonecutting": {
    "criteria": {
      "has_granite": "2024-06-23 03:32:14 +0000"
    },
    "done": true
  },
  "minecraft:recipes/decorations/chain": {
    "criteria": {
      "has_iron_nugget": "2024-06-23 03:37:51 +0000"
    },
    "done": true
  },
  "securitycraft:recipes/securitycraft/reinforced_warped_fence_gate": {
    "criteria": {
      "has_stick": "2024-06-23 02:25:00 +0000"
    },
    "done": true
  },
  "minecraft:recipes/building_blocks/polished_granite_stairs_from_granite_stonecutting": {
    "criteria": {
      "has_granite": "2024-06-23 03:32:14 +0000"
    },
    "done": true
  },
  "pixelmon:recipes/lures/lure_type_weak": {
    "criteria": {
      "has_case_recipe": "2024-06-23 16:57:36 +0000"
    },
    "done": true
  },
  "minecraft:recipes/transportation/oak_boat": {
    "criteria": {
      "in_water": "2024-06-23 02:10:45 +0000"
    },
    "done": true
  },
  "minecraft:recipes/food/cooked_cod_from_campfire_cooking": {
    "criteria": {
      "has_cod": "2024-06-23 02:28:28 +0000"
    },
    "done": true
  },
  "minecraft:recipes/decorations/sandstone_wall_from_sandstone_stonecutting": {
    "criteria": {
      "has_sandstone": "2024-06-23 02:25:21 +0000"
    },
    "done": true
  },
  "minecraft:recipes/food/baked_potato_from_campfire_cooking": {
    "criteria": {
      "has_potato": "2024-06-23 02:11:18 +0000"
    },
    "done": true
  },
  "minecraft:recipes/building_blocks/orange_concrete_powder": {
    "criteria": {
      "has_sand": "2024-06-23 02:25:21 +0000"
    },
    "done": true
  },
  "minecraft:recipes/building_blocks/cyan_concrete_powder": {
    "criteria": {
      "has_sand": "2024-06-23 02:25:21 +0000"
    },
    "done": true
  },
  "pixelmon:recipes/decor/cushion_chair/blue_cushion_chair": {
    "criteria": {
      "has_wool": "2024-06-23 03:04:34 +0000"
    },
    "done": true
  },
  "securitycraft:recipes/securitycraft/reinforced_crimson_fence": {
    "criteria": {
      "has_stick": "2024-06-23 02:25:00 +0000"
    },
    "done": true
  },
  "pixelmon:recipes/equipment/plasma/plasma_equipment": {
    "criteria": {
      "has_crystal": "2024-06-23 16:57:36 +0000"
    },
    "done": true
  },
  "pixelmon:recipes/curry/potato_pack": {
    "criteria": {
      "has_potato": "2024-06-23 02:11:18 +0000"
    },
    "done": true
  },
  "pixelmon:recipes/machines/trade_machine/trade_holder_left": {
    "criteria": {
      "has_poke_ball": "2024-06-23 02:15:54 +0000"
    },
    "done": true
  },
  "minecraft:recipes/tools/wooden_axe": {
    "criteria": {
      "has_stick": "2024-06-23 02:25:00 +0000"
    },
    "done": true
  },
  "minecraft:recipes/building_blocks/lime_wool": {
    "criteria": {
      "has_white_wool": "2024-06-23 03:04:34 +0000"
    },
    "done": true
  },
  "minecraft:recipes/building_blocks/granite_stairs": {
    "criteria": {
      "has_granite": "2024-06-23 03:32:14 +0000"
    },
    "done": true
  },
  "pixelmon:recipes/decor/chair/white_chair": {
    "criteria": {
      "has_wool": "2024-06-23 03:04:34 +0000"
    },
    "done": true
  },
  "pixelmon:recipes/pokeball/base/platinum_base": {
    "criteria": {
      "has_ingot": "2024-06-23 02:09:35 +0000"
    },
    "done": true
  },
  "minecraft:recipes/building_blocks/black_wool": {
    "criteria": {
      "has_white_wool": "2024-06-23 03:04:34 +0000"
    },
    "done": true
  },
  "minecraft:recipes/food/cooked_salmon_from_smoking": {
    "criteria": {
      "has_salmon": "2024-06-23 16:58:37 +0000"
    },
    "done": true
  },
  "minecraft:recipes/building_blocks/green_wool": {
    "criteria": {
      "has_white_wool": "2024-06-23 03:04:34 +0000"
    },
    "done": true
  },
  "pixelmon:recipes/pokeball/lid/repeat_ball_lid": {
    "criteria": {
      "has_great_ball": "2024-06-23 02:15:54 +0000"
    },
    "done": true
  },
  "minecraft:recipes/building_blocks/brown_wool": {
    "criteria": {
      "has_white_wool": "2024-06-23 03:04:34 +0000"
    },
    "done": true
  },
  "pixelmon:recipes/decor/rug/red_rug": {
    "criteria": {
      "has_wool": "2024-06-23 03:04:34 +0000"
    },
    "done": true
  },
  "pixelmon:types/capture_type_trigger": {
    "criteria": {
      "capture_any": "2024-06-23 03:30:38 +0000"
    },
    "done": true
  },
  "pixelmon:recipes/decor/cushion_chair/light_blue_cushion_chair": {
    "criteria": {
      "has_wool": "2024-06-23 03:04:34 +0000"
    },
    "done": true
  },
  "pixelmon:recipes/decor/umbrella/purple_umbrella": {
    "criteria": {
      "has_wool": "2024-06-23 03:04:34 +0000"
    },
    "done": true
  },
  "pixelmon:recipes/decor/cushion_chair/brown_cushion_chair": {
    "criteria": {
      "has_wool": "2024-06-23 03:04:34 +0000"
    },
    "done": true
  },
  "minecraft:recipes/decorations/painting": {
    "criteria": {
      "has_wool": "2024-06-23 03:04:34 +0000"
    },
    "done": true
  },
  "pixelmon:wild_battle_victories/wild_battle_victory_trigger": {
    "criteria": {
      "wild_battle_victory_trigger": "2024-06-23 02:25:17 +0000"
    },
    "done": true
  },
  "pixelmon:recipes/pokeball/lid/lure_ball_lid": {
    "criteria": {
      "has_great_ball": "2024-06-23 02:15:54 +0000"
    },
    "done": true
  },
  "securitycraft:recipes/securitycraft/sc_manual": {
    "criteria": {
      "has_wood": "2024-06-23 17:00:21 +0000"
    },
    "done": true
  },
  "pixelmon:recipes/decor/umbrella/light_blue_umbrella_dyed": {
    "criteria": {
      "has_the_recipe": "2024-06-23 03:04:34 +0000"
    },
    "done": true
  },
  "minecraft:recipes/combat/arrow": {
    "criteria": {
      "has_flint": "2024-06-23 02:25:36 +0000"
    },
    "done": true
  },
  "securitycraft:recipes/securitycraft/reinforced_birch_fence": {
    "criteria": {
      "has_stick": "2024-06-23 02:25:00 +0000"
    },
    "done": true
  },
  "pixelmon:recipes/decor/umbrella/green_umbrella": {
    "criteria": {
      "has_wool": "2024-06-23 03:04:34 +0000"
    },
    "done": true
  },
  "minecraft:recipes/misc/gold_nugget_from_blasting": {
    "criteria": {
      "has_golden_leggings": "2024-06-23 03:22:26 +0000"
    },
    "done": true
  },
  "pixelmon:recipes/lures/lure_ha_strong": {
    "criteria": {
      "has_case_recipe": "2024-06-23 16:57:36 +0000"
    },
    "done": true
  },
  "pixelmon:recipes/pokeball/lid/quick_ball_lid": {
    "criteria": {
      "has_great_ball": "2024-06-23 02:15:54 +0000"
    },
    "done": true
  },
  "pixelmon:recipes/decor/cushion_chair/pink_cushion_chair": {
    "criteria": {
      "has_wool": "2024-06-23 03:04:34 +0000"
    },
    "done": true
  },
  "minecraft:recipes/building_blocks/light_blue_wool": {
    "criteria": {
      "has_white_wool": "2024-06-23 03:04:34 +0000"
    },
    "done": true
  },
  "minecraft:recipes/combat/wooden_sword": {
    "criteria": {
      "has_stick": "2024-06-23 02:25:00 +0000"
    },
    "done": true
  },
  "pixelmon:recipes/infuser/juice/colorful_juice": {
    "criteria": {
      "has_juice_berry_3": "2024-06-23 16:57:25 +0000"
    },
    "done": true
  },
  "pixelmon:recipes/lures/lure_shiny_weak": {
    "criteria": {
      "has_case_recipe": "2024-06-23 16:57:36 +0000"
    },
    "done": true
  },
  "minecraft:recipes/building_blocks/oak_planks": {
    "criteria": {
      "has_logs": "2024-06-23 17:00:21 +0000"
    },
    "done": true
  },
  "securitycraft:recipes/securitycraft/reinforced_jungle_fence_gate": {
    "criteria": {
      "has_stick": "2024-06-23 02:25:00 +0000"
    },
    "done": true
  },
  "minecraft:recipes/building_blocks/blue_concrete_powder": {
    "criteria": {
      "has_sand": "2024-06-23 02:25:21 +0000"
    },
    "done": true
  },
  "pixelmon:recipes/pokeball/lid/heavy_ball_lid": {
    "criteria": {
      "has_great_ball": "2024-06-23 02:15:54 +0000"
    },
    "done": true
  },
  "minecraft:recipes/building_blocks/gray_concrete_powder": {
    "criteria": {
      "has_sand": "2024-06-23 02:25:21 +0000"
    },
    "done": true
  },
  "pixelmon:recipes/equipment/badgecase/greenbadgecase": {
    "criteria": {
      "has_apricorn": "2024-06-23 02:15:08 +0000"
    },
    "done": true
  },
  "minecraft:recipes/building_blocks/granite_slab_from_granite_stonecutting": {
    "criteria": {
      "has_granite": "2024-06-23 03:32:14 +0000"
    },
    "done": true
  },
  "pixelmon:recipes/decor/household_items/mug_ball": {
    "criteria": {
      "has_poke_ball": "2024-06-23 02:15:54 +0000"
    },
    "done": true
  },
  "pixelmon:recipes/pokeball/lid/luxury_ball_lid": {
    "criteria": {
      "has_great_ball": "2024-06-23 02:15:54 +0000"
    },
    "done": true
  },
  "pixelmon:recipes/pokeball/lid/moon_ball_lid": {
    "criteria": {
      "has_great_ball": "2024-06-23 02:15:54 +0000"
    },
    "done": true
  },
  "pixelmon:recipes/decor/household_items/end_table": {
    "criteria": {
      "has_crafting_table": "2024-06-23 02:17:09 +0000"
    },
    "done": true
  },
  "minecraft:recipes/building_blocks/cut_sandstone_slab_from_sandstone_stonecutting": {
    "criteria": {
      "has_sandstone": "2024-06-23 02:25:21 +0000"
    },
    "done": true
  },
  "securitycraft:recipes/securitycraft/reinforced_acacia_fence": {
    "criteria": {
      "has_stick": "2024-06-23 02:25:00 +0000"
    },
    "done": true
  },
  "pixelmon:recipes/decor/cushion_chair/white_cushion_chair": {
    "criteria": {
      "has_wool": "2024-06-23 03:04:34 +0000"
    },
    "done": true
  },
  "pixelmon:recipes/decor/cushion_chair/orange_cushion_chair": {
    "criteria": {
      "has_wool": "2024-06-23 03:04:34 +0000"
    },
    "done": true
  },
  "pixelmon:recipes/decor/rug/pink_rug": {
    "criteria": {
      "has_wool": "2024-06-23 03:04:34 +0000"
    },
    "done": true
  },
  "minecraft:recipes/misc/bone_meal": {
    "criteria": {
      "has_bone": "2024-06-23 02:29:01 +0000"
    },
    "done": true
  },
  "minecraft:recipes/building_blocks/black_concrete_powder": {
    "criteria": {
      "has_sand": "2024-06-23 02:25:21 +0000"
    },
    "done": true
  },
  "pixelmon:recipes/decor/umbrella/black_umbrella_dyed": {
    "criteria": {
      "has_the_recipe": "2024-06-23 03:04:34 +0000"
    },
    "done": true
  },
  "pixelmon:recipes/equipment/reveal_glass": {
    "criteria": {
      "has_sapphire": "2024-06-23 02:53:01 +0000"
    },
    "done": true
  },
  "minecraft:recipes/building_blocks/cut_sandstone": {
    "criteria": {
      "has_sandstone": "2024-06-23 02:25:21 +0000"
    },
    "done": true
  },
  "pixelmon:recipes/decor/folding_chair/white_folding_chair_dyed": {
    "criteria": {
      "has_the_recipe": "2024-06-23 03:04:34 +0000"
    },
    "done": true
  },
  "minecraft:recipes/building_blocks/sandstone_stairs_from_sandstone_stonecutting": {
    "criteria": {
      "has_sandstone": "2024-06-23 02:25:21 +0000"
    },
    "done": true
  },
  "pixelmon:recipes/decor/umbrella/blue_umbrella_dyed": {
    "criteria": {
      "has_the_recipe": "2024-06-23 03:04:34 +0000"
    },
    "done": true
  },
  "pixelmon:recipes/decor/umbrella/gray_umbrella_dyed": {
    "criteria": {
      "has_the_recipe": "2024-06-23 03:04:34 +0000"
    },
    "done": true
  },
  "minecraft:recipes/building_blocks/oak_wood": {
    "criteria": {
      "has_log": "2024-06-23 17:00:21 +0000"
    },
    "done": true
  },
  "minecraft:recipes/food/cooked_salmon": {
    "criteria": {
      "has_salmon": "2024-06-23 16:58:37 +0000"
    },
    "done": true
  },
  "minecraft:story/root": {
    "criteria": {
      "crafting_table": "2024-06-23 02:17:09 +0000"
    },
    "done": true
  },
  "pixelmon:recipes/equipment/sapphire/sapphire_equipment": {
    "criteria": {
      "has_sapphire": "2024-06-23 02:53:01 +0000"
    },
    "done": true
  },
  "pixelmon:recipes/decor/cushion_chair/light_gray_cushion_chair": {
    "criteria": {
      "has_wool": "2024-06-23 03:04:34 +0000"
    },
    "done": true
  },
  "minecraft:recipes/combat/crossbow": {
    "criteria": {
      "has_stick": "2024-06-23 02:25:00 +0000"
    },
    "done": true
  },
  "minecraft:recipes/building_blocks/sandstone_slab_from_sandstone_stonecutting": {
    "criteria": {
      "has_sandstone": "2024-06-23 02:25:21 +0000"
    },
    "done": true
  },
  "pixelmon:recipes/machines/trade_machine/trade_panel": {
    "criteria": {
      "has_poke_ball": "2024-06-23 02:15:54 +0000"
    },
    "done": true
  },
  "minecraft:recipes/building_blocks/yellow_wool": {
    "criteria": {
      "has_white_wool": "2024-06-23 03:04:34 +0000"
    },
    "done": true
  },
  "minecraft:recipes/building_blocks/granite_stairs_from_granite_stonecutting": {
    "criteria": {
      "has_granite": "2024-06-23 03:32:14 +0000"
    },
    "done": true
  },
  "minecraft:recipes/building_blocks/red_concrete_powder": {
    "criteria": {
      "has_sand": "2024-06-23 02:25:21 +0000"
    },
    "done": true
  },
  "pixelmon:recipes/decor/couch/white_couch": {
    "criteria": {
      "has_wool": "2024-06-23 03:04:34 +0000"
    },
    "done": true
  },
  "pixelmon:recipes/decor/umbrella/lime_umbrella_dyed": {
    "criteria": {
      "has_the_recipe": "2024-06-23 03:04:34 +0000"
    },
    "done": true
  },
  "pixelmon:recipes/pokeball/base/iron_base": {
    "criteria": {
      "has_ingot": "2024-06-23 02:09:35 +0000"
    },
    "done": true
  },
  "pixelmon:recipes/lures/lure_shiny_strong": {
    "criteria": {
      "has_case_recipe": "2024-06-23 16:57:36 +0000"
    },
    "done": true
  },
  "pixelmon:recipes/pokeball/lid/timer_ball_lid": {
    "criteria": {
      "has_great_ball": "2024-06-23 02:15:54 +0000"
    },
    "done": true
  },
  "pixelmon:recipes/pokeball/ball/great_ball": {
    "criteria": {
      "has_poke_ball_lid": "2024-06-23 02:37:09 +0000"
    },
    "done": true
  },
  "pixelmon:specs/spec_trigger": {
    "criteria": {
      "unown_capture_all": "2024-06-23 03:30:38 +0000",
      "eeveelution_capture_all": "2024-06-23 03:30:38 +0000",
      "minior_capture_all": "2024-06-23 03:30:38 +0000"
    },
    "done": true
  },
  "pixelmon:recipes/pokeball/base/wooden_base": {
    "criteria": {
      "has_slab": "2024-06-23 02:09:35 +0000"
    },
    "done": true
  },
  "pixelmon:recipes/decor/rug/light_blue_rug": {
    "criteria": {
      "has_wool": "2024-06-23 03:04:34 +0000"
    },
    "done": true
  },
  "pixelmon:recipes/pokeball/lid/level_ball_lid": {
    "criteria": {
      "has_great_ball": "2024-06-23 02:15:54 +0000"
    },
    "done": true
  },
  "pixelmon:recipes/decor/umbrella/green_umbrella_dyed": {
    "criteria": {
      "has_the_recipe": "2024-06-23 03:04:34 +0000"
    },
    "done": true
  },
  "minecraft:recipes/food/cooked_beef": {
    "criteria": {
      "has_beef": "2024-06-23 04:16:19 +0000"
    },
    "done": true
  },
  "minecraft:adventure/adventuring_time": {
    "criteria": {
      "minecraft:forest": "2024-06-23 02:47:54 +0000",
      "minecraft:mountains": "2024-06-23 03:07:15 +0000",
      "minecraft:badlands_plateau": "2024-06-23 03:31:46 +0000",
      "minecraft:desert_hills": "2024-06-23 02:22:08 +0000",
      "minecraft:desert": "2024-06-23 02:15:41 +0000",
      "minecraft:birch_forest": "2024-06-23 04:06:15 +0000",
      "minecraft:badlands": "2024-06-23 03:33:06 +0000",
      "minecraft:savanna_plateau": "2024-06-23 02:18:57 +0000",
      "minecraft:dark_forest": "2024-06-23 02:50:29 +0000",
      "minecraft:river": "2024-06-23 02:20:25 +0000",
      "minecraft:birch_forest_hills": "2024-06-23 04:06:06 +0000",
      "minecraft:wooded_mountains": "2024-06-23 03:08:26 +0000",
      "minecraft:wooded_hills": "2024-06-23 02:48:34 +0000",
      "minecraft:wooded_badlands_plateau": "2024-06-23 03:35:21 +0000",
      "minecraft:swamp": "2024-06-23 02:49:40 +0000",
      "minecraft:savanna": "2024-06-23 02:08:38 +0000",
      "minecraft:plains": "2024-06-23 02:41:00 +0000"
    },
    "done": false
  },
  "pixelmon:recipes/decor/rug/green_rug": {
    "criteria": {
      "has_wool": "2024-06-23 03:04:34 +0000"
    },
    "done": true
  },
  "pixelmon:recipes/equipment/neo_plasma/neo_plasma_equipment": {
    "criteria": {
      "has_crystal": "2024-06-23 16:57:36 +0000"
    },
    "done": true
  },
  "pixelmon:recipes/decor/cushion_chair/black_cushion_chair": {
    "criteria": {
      "has_wool": "2024-06-23 03:04:34 +0000"
    },
    "done": true
  },
  "securitycraft:recipes/securitycraft/reinforced_warped_fence": {
    "criteria": {
      "has_stick": "2024-06-23 02:25:00 +0000"
    },
    "done": true
  },
  "minecraft:recipes/misc/iron_ingot_from_nuggets": {
    "criteria": {
      "has_iron_nugget": "2024-06-23 03:37:51 +0000"
    },
    "done": true
  },
  "pixelmon:recipes/lures/lure_casing_weak": {
    "criteria": {
      "has_crystal": "2024-06-23 16:57:36 +0000"
    },
    "done": true
  },
  "securitycraft:recipes/securitycraft/motion_activated_light": {
    "criteria": {
      "has_stick": "2024-06-23 02:25:00 +0000"
    },
    "done": true
  },
  "minecraft:recipes/transportation/jungle_boat": {
    "criteria": {
      "in_water": "2024-06-23 02:10:45 +0000"
    },
    "done": true
  },
  "pixelmon:recipes/decor/cushion_chair/yellow_cushion_chair": {
    "criteria": {
      "has_wool": "2024-06-23 03:04:34 +0000"
    },
    "done": true
  },
  "pixelmon:recipes/pokeball/ball/dream_ball_new": {
    "criteria": {
      "has_dusk_ball": "2024-06-23 02:23:13 +0000"
    },
    "done": true
  },
  "pixelmon:specs/spheal_jump_capture_all": {
    "criteria": {
      "0": "2024-06-23 03:30:38 +0000"
    },
    "done": false
  },
  "minecraft:recipes/transportation/dark_oak_boat": {
    "criteria": {
      "in_water": "2024-06-23 02:10:45 +0000"
    },
    "done": true
  },
  "minecraft:recipes/transportation/carrot_on_a_stick": {
    "criteria": {
      "has_carrot": "2024-06-23 04:03:58 +0000"
    },
    "done": true
  },
  "minecraft:recipes/building_blocks/pink_wool": {
    "criteria": {
      "has_white_wool": "2024-06-23 03:04:34 +0000"
    },
    "done": true
  },
  "pixelmon:recipes/pokeball/base/silver_base": {
    "criteria": {
      "has_ingot": "2024-06-23 02:09:35 +0000"
    },
    "done": true
  },
  "minecraft:recipes/building_blocks/polished_granite": {
    "criteria": {
      "has_stone": "2024-06-23 03:32:14 +0000"
    },
    "done": true
  },
  "minecraft:recipes/food/cooked_cod_from_smoking": {
    "criteria": {
      "has_cod": "2024-06-23 02:28:28 +0000"
    },
    "done": true
  },
  "minecraft:recipes/decorations/lantern": {
    "criteria": {
      "has_iron_nugget": "2024-06-23 03:37:51 +0000"
    },
    "done": true
  },
  "securitycraft:recipes/securitycraft/reinforced_oak_fence_gate": {
    "criteria": {
      "has_stick": "2024-06-23 02:25:00 +0000"
    },
    "done": true
  },
  "pixelmon:recipes/decor/cushion_chair/gray_cushion_chair": {
    "criteria": {
      "has_wool": "2024-06-23 03:04:34 +0000"
    },
    "done": true
  },
  "pixelmon:recipes/infuser/juice/purple_juice": {
    "criteria": {
      "has_purple_juice_berry_3": "2024-06-23 16:57:25 +0000"
    },
    "done": true
  },
  "pixelmon:recipes/decor/building_infrastructure/bridge_block": {
    "criteria": {
      "has_logs": "2024-06-23 17:00:21 +0000"
    },
    "done": true
  },
  "pixelmon:recipes/pokeball/lid/great_ball_lid": {
    "criteria": {
      "has_apricorn": "2024-06-23 02:15:08 +0000"
    },
    "done": true
  },
  "minecraft:recipes/decorations/sandstone_wall": {
    "criteria": {
      "has_sandstone": "2024-06-23 02:25:21 +0000"
    },
    "done": true
  },
  "pixelmon:recipes/decor/cushion_chair/magenta_cushion_chair": {
    "criteria": {
      "has_wool": "2024-06-23 03:04:34 +0000"
    },
    "done": true
  },
  "pixelmon:specs/magikarp_jump_capture_all": {
    "criteria": {
      "0": "2024-06-23 03:30:38 +0000"
    },
    "done": false
  },
  "minecraft:recipes/food/cooked_beef_from_campfire_cooking": {
    "criteria": {
      "has_beef": "2024-06-23 04:16:19 +0000"
    },
    "done": true
  },
  "minecraft:recipes/misc/gold_nugget_from_smelting": {
    "criteria": {
      "has_golden_leggings": "2024-06-23 03:22:26 +0000"
    },
    "done": true
  },
  "pixelmon:recipes/pokeball/lid/nest_ball_lid": {
    "criteria": {
      "has_apricorn": "2024-06-23 02:15:08 +0000"
    },
    "done": true
  },
  "pixelmon:recipes/decor/umbrella/pink_umbrella": {
    "criteria": {
      "has_wool": "2024-06-23 03:04:34 +0000"
    },
    "done": true
  },
  "minecraft:recipes/building_blocks/light_gray_wool": {
    "criteria": {
      "has_white_wool": "2024-06-23 03:04:34 +0000"
    },
    "done": true
  },
  "minecraft:recipes/building_blocks/red_wool": {
    "criteria": {
      "has_white_wool": "2024-06-23 03:04:34 +0000"
    },
    "done": true
  },
  "minecraft:recipes/decorations/soul_campfire": {
    "criteria": {
      "has_stick": "2024-06-23 02:25:00 +0000"
    },
    "done": true
  },
  "pixelmon:recipes/decor/umbrella/orange_umbrella": {
    "criteria": {
      "has_wool": "2024-06-23 03:04:34 +0000"
    },
    "done": true
  },
  "pixelmon:recipes/pokeball/lid/dive_ball_lid": {
    "criteria": {
      "has_great_ball": "2024-06-23 02:15:54 +0000"
    },
    "done": true
  },
  "minecraft:recipes/food/cooked_mutton": {
    "criteria": {
      "has_mutton": "2024-06-23 03:04:34 +0000"
    },
    "done": true
  },
  "securitycraft:recipes/securitycraft/reinforced_dark_oak_fence": {
    "criteria": {
      "has_stick": "2024-06-23 02:25:00 +0000"
    },
    "done": true
  },
  "DataVersion": 2586
}